local_time,actual,ridge,lstm,tcn
2013-12-16 00:00:00+01:00,462.17331142742603,492.5281113779199,480.10374679396796,456.53734718030967
2013-12-16 00:10:00+01:00,461.9153486136002,470.6688306870788,458.4754384715864,440.46042068709227
2013-12-16 00:20:00+01:00,435.48912948683255,463.11234558981926,445.3542959451017,423.030314467514
2013-12-16 00:30:00+01:00,406.7890237728026,445.55254377374524,426.8023403375569,406.29064984394586
2013-12-16 00:40:00+01:00,426.6618475329531,427.78401159787603,403.9016324055812,378.4257327975183
2013-12-16 00:50:00+01:00,370.37709169191487,420.75778358792485,397.28381512844777,376.19821711401045
2013-12-16 01:00:00+01:00,363.6306908252464,388.7248393639805,371.93408941941107,353.2473943270192
2013-12-16 01:10:00+01:00,333.02535663690986,374.68082422021223,354.25738715701294,339.9823338281703
2013-12-16 01:20:00+01:00,327.3022091617403,351.78516488137274,332.64154773524945,314.254355911929
2013-12-16 01:30:00+01:00,361.399839223096,325.50779339866085,318.12645932317076,309.542336099056
2013-12-16 01:40:00+01:00,353.8858284044386,346.59211799873486,320.79161425012956,313.56758104298143
2013-12-16 01:50:00+01:00,303.0776686568277,337.40095101487987,320.17712658586316,305.00998501354604
2013-12-16 02:00:00+01:00,300.97443177858804,311.72480982015117,303.0841642482942,293.6236843896523
2013-12-16 02:10:00+01:00,265.04524223374153,299.0400341822089,292.63584151999606,288.15162294417354
2013-12-16 02:20:00+01:00,262.7939824099024,279.4499081160304,275.19572617516405,268.1065078549496
2013-12-16 02:30:00+01:00,268.635330582678,269.76054900274755,264.84263153040445,262.5110857921428
2013-12-16 02:40:00+01:00,247.1210493332705,268.5327756508597,260.4945146956742,253.5205201790536
2013-12-16 02:50:00+01:00,254.47166549925308,252.8788394225048,251.40546201356827,246.82362129148632
2013-12-16 03:00:00+01:00,252.28100819341654,253.6958960519277,247.8457890006734,248.80678532582658
2013-12-16 03:10:00+01:00,236.7010359883372,243.22098721177133,244.82155028084534,242.91647066117469
2013-12-16 03:20:00+01:00,235.0165066579948,235.4642542194817,238.51843658984896,235.81462615015417
2013-12-16 03:30:00+01:00,245.38077296479835,235.3884181692877,234.0603093784566,234.96247064905828
2013-12-16 03:40:00+01:00,260.2948110116092,237.00181981435944,234.13064583804447,230.73080148024587
2013-12-16 03:50:00+01:00,246.5582151380424,243.7189740677154,238.72334709293318,238.0224237687028
2013-12-16 04:00:00+01:00,250.36840111426108,236.9999419459015,239.29735116331273,239.5908021397921
2013-12-16 04:10:00+01:00,230.4472186561684,239.682222166817,241.60412354702217,241.38511945297574
2013-12-16 04:20:00+01:00,236.8946202892664,231.22217775141695,238.63634290338285,234.54751855218677
2013-12-16 04:30:00+01:00,242.24166706990823,234.986662429481,239.07417970124024,235.4624392507911
2013-12-16 04:40:00+01:00,228.12882307792012,234.26968974256874,241.8534477100967,232.83319816310643
2013-12-16 04:50:00+01:00,234.43016347481267,222.51586766965147,240.87253724908192,230.28712543302282
2013-12-16 05:00:00+01:00,219.7426088676818,223.26676729403326,242.80773855790463,233.78455486396743
2013-12-16 05:10:00+01:00,223.9334670653257,223.1240606979721,240.7320043912415,227.9294176502034
2013-12-16 05:20:00+01:00,213.8961743437389,221.68494662659776,241.07295203776363,233.1333198492951
2013-12-16 05:30:00+01:00,192.4353977152186,217.43829893084902,238.92433770584026,229.41769252505992
2013-12-16 05:40:00+01:00,213.95059804513025,206.2836158763754,231.13220189054815,224.85004126194465
2013-12-16 05:50:00+01:00,211.9827218960262,214.33224736755008,232.00666588255712,230.52112832752377
2013-12-16 06:00:00+01:00,215.5302998194594,209.83179977548326,232.67168602111119,232.53831221407185
2013-12-16 06:10:00+01:00,228.09401206621422,215.78985750156897,234.63454328208408,240.78275448183683
2013-12-16 06:20:00+01:00,227.568993221091,226.0300915982548,240.3063493354581,246.21304836492857
2013-12-16 06:30:00+01:00,220.4379967140943,227.61765751272586,245.11360987234906,251.17563385304166
2013-12-16 06:40:00+01:00,227.32527603793454,228.07255273431252,246.95893801067473,256.64309395354
2013-12-16 06:50:00+01:00,242.54851314128507,230.36054258364905,250.7847763789091,258.71891589985364
2013-12-16 07:00:00+01:00,240.65643783220403,234.68734029107128,258.989680440244,267.64088350352904
2013-12-16 07:10:00+01:00,258.2917933065117,248.15017412650016,265.2983029675438,272.5637813894089
2013-12-16 07:20:00+01:00,259.96452966434043,261.551239109339,276.5920849522424,285.3208885326537
2013-12-16 07:30:00+01:00,276.5631707534405,259.722126132894,286.5496058533389,289.6907526937358
2013-12-16 07:40:00+01:00,283.3043151291285,279.3267259436814,300.5912584841313,301.3095398898544
2013-12-16 07:50:00+01:00,326.09219839403295,284.57538240297606,314.2193310377952,309.60354795609857
2013-12-16 08:00:00+01:00,358.24586555047307,311.35903511318014,340.2846905347563,330.7202615456
2013-12-16 08:10:00+01:00,350.2823191630085,343.3629372116626,371.6229932386375,364.28338896662154
2013-12-16 08:20:00+01:00,407.73456561091183,350.9745735897729,391.36392395147163,385.7297923049791
2013-12-16 08:30:00+01:00,435.03372292978224,392.2884291806909,425.0400535168233,428.26437566733927
2013-12-16 08:40:00+01:00,385.27995242306326,420.4585061875323,455.73514065301714,446.6670618986447
2013-12-16 08:50:00+01:00,460.18610329648527,417.8408396167108,454.72460777915376,448.8641178577041
2013-12-16 09:00:00+01:00,458.02913092606383,454.9184218100975,478.19430770356087,473.383113793822
2013-12-16 09:10:00+01:00,434.1239014485441,466.7528100606446,489.0008645582572,474.23820905136506
2013-12-16 09:20:00+01:00,495.01060057839953,469.67346607499934,484.40615750796246,483.0436899358434
2013-12-16 09:30:00+01:00,480.85532311798147,484.1906638008654,500.61597545129985,498.1841675538784
2013-12-16 09:40:00+01:00,438.1200861249415,494.20492308248413,504.49705359053803,495.8753087714907
2013-12-16 09:50:00+01:00,413.765725334849,479.4935055004025,490.1500021900766,489.5504874888504
2013-12-16 10:00:00+01:00,431.3169183070577,456.03638345912714,470.6304015595435,472.8540404184067
2013-12-16 10:10:00+01:00,401.27200251176686,454.1867986466569,464.50075663586557,471.945895942958
2013-12-16 10:20:00+01:00,419.2992953752783,443.39915065004703,449.5595552163123,459.89487598200924
2013-12-16 10:30:00+01:00,397.1480828080844,441.76438407130263,447.82708438382,464.0856874891993
2013-12-16 10:40:00+01:00,355.0055282193121,426.6049286885566,439.1295855239484,444.49968585874575
2013-12-16 10:50:00+01:00,408.7484320967405,400.1929971056506,416.9110865382043,424.8396551249416
2013-12-16 11:00:00+01:00,411.1566639047681,426.4799356198569,424.622490947596,438.2086903849952
2013-12-16 11:10:00+01:00,401.4777471854707,417.6212283926266,432.22302174301956,421.6068378792465
2013-12-16 11:20:00+01:00,429.5959208388568,426.40793504495616,434.64138930881774,430.8645187006261
2013-12-16 11:30:00+01:00,419.5299959221755,437.8978720873887,447.7326168622672,437.59900910497737
2013-12-16 11:40:00+01:00,395.69210919485147,431.85728292548254,452.4964717599784,439.72966086663394
2013-12-16 11:50:00+01:00,449.90564507198525,438.7896522063313,445.52197892122547,440.32028561200707
2013-12-16 12:00:00+01:00,491.0842254505228,459.2641701546127,461.9978070425787,453.4258107917314
2013-12-16 12:10:00+01:00,456.56419853890304,471.17867348815855,487.9995983234079,462.45053218648013
2013-12-16 12:20:00+01:00,444.73204534297844,486.8061512048034,491.34513920042855,469.29351833319834
2013-12-16 12:30:00+01:00,434.56493233621177,478.6971227028355,487.57701588137127,471.64865244659075
2013-12-16 12:40:00+01:00,425.23461019263806,468.0705273386107,479.89408972902834,474.6974453280532
2013-12-16 12:50:00+01:00,433.6063479007971,465.31908488748877,470.68885659194257,475.97630401015635
2013-12-16 13:00:00+01:00,417.8902194345789,467.1004629642036,468.19903362660085,485.65327521856693
2013-12-16 13:10:00+01:00,456.408232327631,446.9750072984615,460.73211413862435,475.72187339577664
2013-12-16 13:20:00+01:00,461.07317771104096,475.3547934989813,471.5445041093308,494.50639660143526
2013-12-16 13:30:00+01:00,424.7634265126895,481.5774693556232,480.87865582064563,507.1147161893733
2013-12-16 13:40:00+01:00,484.8032195633722,461.58817885082476,472.5558067627188,498.17109582749754
2013-12-16 13:50:00+01:00,453.8660129637603,495.0594341909585,490.2278430701452,514.5464554134932
2013-12-16 14:00:00+01:00,490.6193311552209,485.3267913166975,489.4156760106139,507.4415401573579
2013-12-16 14:10:00+01:00,503.7356052218764,500.2592188492328,502.5949915726802,521.7787448829932
2013-12-16 14:20:00+01:00,464.3949203027886,511.70143034022317,515.290002555758,523.9887764587952
2013-12-16 14:30:00+01:00,458.2860749865079,496.63333502882676,507.36536123306536,521.639670118027
2013-12-16 14:40:00+01:00,455.3989872052538,485.2001115914229,499.1495902661927,515.3781505680226
2013-12-16 14:50:00+01:00,486.5452137894783,479.66033982229413,492.36644981938736,508.2520322258385
2013-12-16 15:00:00+01:00,489.7016401202571,489.9980667653327,500.2748525307996,516.6262648507642
2013-12-16 15:10:00+01:00,532.7477907823442,489.27164842467744,506.99595666684826,518.4812652890148
2013-12-16 15:20:00+01:00,552.6228699403177,521.365905020971,527.4739143701746,533.3679731174723
2013-12-16 15:30:00+01:00,505.5834056563927,535.6430783766857,547.4765027831494,544.834403581185
2013-12-16 15:40:00+01:00,508.7231098228382,528.1226105635279,541.4610199861925,545.1487314308205
2013-12-16 15:50:00+01:00,463.7779702345371,532.4881432750169,537.5669902808254,548.8043898523055
2013-12-16 16:00:00+01:00,407.81774830102535,505.0494397713669,516.3014745206947,538.2132737996276
2013-12-16 16:10:00+01:00,460.2906132887915,468.2602507146654,479.5396304839701,517.6787375540389
2013-12-16 16:20:00+01:00,450.7974242972782,478.89362017548643,479.06565088151933,522.9302138223619
2013-12-16 16:30:00+01:00,501.7244697065781,462.205572800867,476.7683813267164,515.369347215323
2013-12-16 16:40:00+01:00,480.758950406669,498.9848657638156,496.7806357388278,538.8414982595635
2013-12-16 16:50:00+01:00,475.3214561441116,506.2865910227035,502.81699294205515,530.8506065775397
2013-12-16 17:00:00+01:00,442.7275568771337,499.3044330826258,504.3925335108031,536.1612834267814
2013-12-16 17:10:00+01:00,458.023112513927,485.5029299502202,491.3659967225188,527.3055130362635
2013-12-16 17:20:00+01:00,515.6282969591954,488.4033829792081,489.10575611169736,528.3571568146793
2013-12-16 17:30:00+01:00,472.4184579561195,506.7767590924353,510.19457447726535,538.5047088997577
2013-12-16 17:40:00+01:00,499.9978613276014,494.13837135060317,507.24770934787875,533.1841422601688
2013-12-16 17:50:00+01:00,511.67969932412973,521.078029164137,516.0684611268731,541.6995430757466
2013-12-16 18:00:00+01:00,520.3439540255953,514.1086550915647,525.6605439371041,544.6587824985205
2013-12-16 18:10:00+01:00,521.4861072189523,534.2369543786979,534.4999589270501,552.0113863968359
2013-12-16 18:20:00+01:00,570.7010803231324,532.6958074033538,539.7802803641572,555.516572759118
2013-12-16 18:30:00+01:00,571.6877821293718,560.6835497624786,560.6074986126586,567.5128583680623
2013-12-16 18:40:00+01:00,558.2685854102427,582.9846418424917,573.3043394188084,576.9868217691484
2013-12-16 18:50:00+01:00,521.9968099664706,590.170947094245,575.2148666061519,585.1498604276115
2013-12-16 19:00:00+01:00,522.4750644228998,568.1268982112199,561.241922527629,575.8426628868101
2013-12-16 19:10:00+01:00,597.315843990974,551.8289680898613,552.1095817612464,571.2509582184133
2013-12-16 19:20:00+01:00,563.3135581520951,589.8278294576149,574.2652978950505,589.6977591826292
2013-12-16 19:30:00+01:00,593.2625326129421,573.7306034854108,576.6253744390032,581.5506591787134
2013-12-16 19:40:00+01:00,541.2987359624613,604.2188667469653,589.3459171189423,596.4483730267273
2013-12-16 19:50:00+01:00,567.2979227353442,574.0770821846622,577.0765867388292,577.5565572915463
2013-12-16 20:00:00+01:00,563.3827759192724,586.5562252626961,578.9372403442878,590.8335022554879
2013-12-16 20:10:00+01:00,523.1998463855634,582.6061383562604,578.4799801847372,587.7415028149554
2013-12-16 20:20:00+01:00,582.3668247926443,556.0317020810922,562.4156346253361,573.1246543575652
2013-12-16 20:30:00+01:00,569.6861744534251,569.4565250841023,575.5507976412279,581.9955801423706
2013-12-16 20:40:00+01:00,608.3081055574403,579.5091321308845,579.8534435613765,575.5104684614538
2013-12-16 20:50:00+01:00,597.3651954812522,608.2326921326503,597.57518368865,601.0943826553914
2013-12-16 21:00:00+01:00,570.0762736817359,593.2462330836786,604.7361988340737,590.948500068376
2013-12-16 21:10:00+01:00,593.5653924483964,590.1701379569226,597.9457297964268,588.4026243400948
2013-12-16 21:20:00+01:00,610.3119090592022,595.94369426348,602.1119328346041,593.2925398506775
2013-12-16 21:30:00+01:00,609.5723698867258,604.8971254701668,611.0254792819158,608.5376583717145
2013-12-16 21:40:00+01:00,557.4148187955025,612.0327076579887,616.5733075299831,610.945288846086
2013-12-16 21:50:00+01:00,610.1855342246291,590.1205923052282,599.026328577732,587.4267512240773
2013-12-16 22:00:00+01:00,598.4298939534449,605.4045484600529,608.7024829707499,593.0442304275175
2013-12-16 22:10:00+01:00,584.5609644050611,594.3617556168184,610.7744152149409,589.9784432928005
2013-12-16 22:20:00+01:00,584.9660776754097,593.7703552605718,606.8769419405736,586.1030811222167
2013-12-16 22:30:00+01:00,585.6679987582288,570.3180834225517,604.582750286493,583.1638030743238
2013-12-16 22:40:00+01:00,561.8521275423071,576.2171516377393,603.5304890077008,579.0172835621156
2013-12-16 22:50:00+01:00,548.7748815944597,574.1686681986384,593.2475567675764,563.9342556512858
2013-12-16 23:00:00+01:00,534.2439554467642,543.7224607685932,581.3703633400324,555.7888746825837
2013-12-16 23:10:00+01:00,543.8779589188415,536.651759334283,568.0142762029872,543.6992062572943
2013-12-16 23:20:00+01:00,568.484287986131,532.3292277433792,564.3432591103355,538.0067826156054
2013-12-16 23:30:00+01:00,523.1792789189889,537.8076195157469,573.284865683922,539.646411795814
2013-12-16 23:40:00+01:00,522.9106253334321,512.6127758178392,560.6485036068545,523.8560562196707
2013-12-16 23:50:00+01:00,486.06656481215344,510.4768087291398,552.695290111515,518.8186263769328
2013-12-17 00:00:00+01:00,522.3951938995534,490.3556448636958,531.671654336049,498.1625221933672
2013-12-17 00:10:00+01:00,472.9438680770117,485.8872053239803,534.9755341771552,502.02639282791307
2013-12-17 00:20:00+01:00,433.27839566318335,473.0566110897858,516.4872119281932,483.9957329727874
2013-12-17 00:30:00+01:00,414.87251259101515,434.93860548999567,487.4213934694101,458.61818070981474
2013-12-17 00:40:00+01:00,717.7689068293504,413.10992044797075,461.8090443886771,430.58892479953386
2013-12-17 00:50:00+01:00,348.8605951458994,531.2423508854164,561.7899377888026,519.1458974891907
2013-12-17 01:00:00+01:00,389.36476056042176,398.06285427862775,473.80535278385605,409.2585297300058
2013-12-17 01:10:00+01:00,387.905585348342,400.9230674662856,443.42976102983545,417.61084206427944
2013-12-17 01:20:00+01:00,328.9966434671492,371.8624450608402,424.56567887464826,376.6940226607471
2013-12-17 01:30:00+01:00,378.0373751472795,342.1145430464889,386.9234483559602,366.09992969466964
2013-12-17 01:40:00+01:00,383.9395198533786,349.76800449724647,386.3529904126599,373.7213825754781
2013-12-17 01:50:00+01:00,302.42989056766646,334.9490692468147,389.6263734839811,353.1458070153461
2013-12-17 02:00:00+01:00,326.24923110970286,318.2473273217257,356.45034866890126,336.5291808270912
2013-12-17 02:10:00+01:00,306.42955430551746,327.44408752515744,346.44935683693217,347.3468236395906
2013-12-17 02:20:00+01:00,282.36881270951403,297.28832276959514,331.9425936986431,312.82362785516153
2013-12-17 02:30:00+01:00,300.8596028196421,282.64496289749513,313.1389950014335,312.26722978719613
2013-12-17 02:40:00+01:00,277.71946990447407,291.62132582943366,308.52401231676413,303.73018976757095
2013-12-17 02:50:00+01:00,254.7438111268442,270.3394050665563,297.0820505020655,293.6664480752494
2013-12-17 03:00:00+01:00,255.46208372860914,261.5493648338266,281.42195510087186,289.7042337616699
2013-12-17 03:10:00+01:00,253.66630417376723,268.3744365973759,271.771188981663,291.6882268160823
2013-12-17 03:20:00+01:00,255.3565440878785,245.59405264322535,265.0422871337422,270.8149150832963
2013-12-17 03:30:00+01:00,244.61712328768596,255.408760461081,261.5561714772547,267.22950161231006
2013-12-17 03:40:00+01:00,237.7504125900086,247.62249823130932,256.334686686429,263.45516463804677
2013-12-17 03:50:00+01:00,244.94366549603387,232.67403143313004,251.17932905532956,264.4401223540095
2013-12-17 04:00:00+01:00,231.9974667423536,234.06761460828375,250.50300898157786,264.42661615560706
2013-12-17 04:10:00+01:00,261.1425733542666,245.6842582260854,246.84180558422776,261.5839494850949
2013-12-17 04:20:00+01:00,235.80941716751857,238.48462751306826,253.90889277305223,268.992178199885
2013-12-17 04:30:00+01:00,219.08238969789727,233.5869130293702,252.5541011999195,265.92128244570983
2013-12-17 04:40:00+01:00,231.4994023357911,229.47357607386053,246.90255372054122,260.09418847416356
2013-12-17 04:50:00+01:00,219.53045450607223,229.29581743026026,247.22005375027265,251.7095351953362
2013-12-17 05:00:00+01:00,199.80605794775548,226.14608092895267,244.3786052306099,248.36226730828142
2013-12-17 05:10:00+01:00,216.82399512096944,216.86983399922823,236.4904635308075,245.9399757655964
2013-12-17 05:20:00+01:00,212.64561485992223,216.4706365556389,236.2335421860933,242.0949381858855
2013-12-17 05:30:00+01:00,212.4084677691459,219.96165090022095,235.35734713543192,235.8615723173621
2013-12-17 05:40:00+01:00,221.0124504968964,217.06232181618273,235.06154600655557,243.2891476957162
2013-12-17 05:50:00+01:00,203.81436289582743,219.30691678371588,237.82955957717635,247.92790625583345
2013-12-17 06:00:00+01:00,228.87701760067145,216.41823262012917,235.1245395760481,239.95233225644174
2013-12-17 06:10:00+01:00,232.6563994313731,233.74249322228587,240.8142531834981,237.93603306372538
2013-12-17 06:20:00+01:00,231.0790267668139,231.2782620629476,247.01102203002867,249.89149117781167
2013-12-17 06:30:00+01:00,226.99259186894892,242.57291343717566,251.84370615877603,256.03855465870083
2013-12-17 06:40:00+01:00,259.8910579339724,238.9968638740208,254.58749855754579,263.3384119378065
2013-12-17 06:50:00+01:00,246.7761440600288,255.75420154539358,267.7378701735002,273.0772875110869
2013-12-17 07:00:00+01:00,220.685871432575,261.39933937775936,274.4568741897583,273.9526779829995
2013-12-17 07:10:00+01:00,256.28167770429906,251.49704804564894,270.4603281755682,273.4719439776644
2013-12-17 07:20:00+01:00,280.2263634324842,268.18661285948406,279.96673354561335,279.52438545318034
2013-12-17 07:30:00+01:00,302.37141016353223,276.01162086952564,296.10929061986013,287.2604528464197
2013-12-17 07:40:00+01:00,342.5628573589613,310.60914902509825,317.2873184124663,315.3299702346916
2013-12-17 07:50:00+01:00,338.2692937191726,321.22263313944086,348.497244042773,338.6560221382377
2013-12-17 08:00:00+01:00,356.9532638739954,340.27348905471894,370.80111406219515,353.6433275113849
2013-12-17 08:10:00+01:00,390.7684054656123,381.773173167415,393.3546305367654,388.912197720069
2013-12-17 08:20:00+01:00,385.62298267932323,395.04523130743104,420.19621074696664,409.8575494738995
2013-12-17 08:30:00+01:00,380.6658649870636,392.39018015957066,434.53457177479277,417.7887877765683
2013-12-17 08:40:00+01:00,441.4868383917756,411.2918809870934,439.487602157564,438.8892258200736
2013-12-17 08:50:00+01:00,388.9173665762758,435.7593197381468,462.138020371624,453.13911623483114
2013-12-17 09:00:00+01:00,409.0630111927615,421.4923141946449,454.5038347304732,445.4845022330041
2013-12-17 09:10:00+01:00,459.9171126764286,435.0300578049719,455.0921825372584,451.92119640821466
2013-12-17 09:20:00+01:00,405.03426116702747,448.15149771121196,471.94182163459544,460.25210040394956
2013-12-17 09:30:00+01:00,426.2109788920687,428.1964803372013,461.59583253392844,448.0730388823194
2013-12-17 09:40:00+01:00,450.70822644015436,460.56241681586965,462.0439705368309,464.3401519710777
2013-12-17 09:50:00+01:00,398.68167154695584,437.5888863119319,470.5895202533202,464.58072989482946
2013-12-17 10:00:00+01:00,391.3838717926509,429.66914007897924,456.0842096732936,453.28088340647685
2013-12-17 10:10:00+01:00,435.1796768431941,433.9614488146348,443.49920127314664,452.5993557085333
2013-12-17 10:20:00+01:00,381.9423362805511,431.91664850083566,452.00981036721066,448.398968718328
2013-12-17 10:30:00+01:00,383.426858641593,407.3447149751725,437.48228159395524,430.50545639988593
2013-12-17 10:40:00+01:00,429.32522534163166,410.41579395455545,429.0507455643975,430.9076707603044
2013-12-17 10:50:00+01:00,409.2850097979563,414.79878854811903,441.75063610155536,430.5952142479268
2013-12-17 11:00:00+01:00,418.8083418464117,413.8165365334727,443.44515348635446,427.6364831272241
2013-12-17 11:10:00+01:00,449.4123255773753,438.55442083536934,448.7041529100818,436.9189242475945
2013-12-17 11:20:00+01:00,463.3738485970509,426.5139412228558,463.90651038002557,438.73767583881
2013-12-17 11:30:00+01:00,521.8664250205819,454.6976649367292,478.99804853476326,441.9118599706565
2013-12-17 11:40:00+01:00,449.1862463939297,505.6784514079685,509.44247122504225,476.0841306769893
2013-12-17 11:50:00+01:00,440.6083824716367,459.9175121499132,500.4094599144236,461.09398069939385
2013-12-17 12:00:00+01:00,485.6766259884324,456.5436770897385,489.7208137409161,462.02567234281327
2013-12-17 12:10:00+01:00,455.7439423150496,488.77019989792007,498.98126129731,478.8063338293462
2013-12-17 12:20:00+01:00,430.7126163153313,468.82369041994536,493.1609312235574,470.80849807002363
2013-12-17 12:30:00+01:00,468.6620334332438,464.12642940236884,479.56414716505674,468.4046564505289
2013-12-17 12:40:00+01:00,464.1961759387452,473.4436257457319,485.8189036713079,481.43083349782125
2013-12-17 12:50:00+01:00,449.5370465309225,460.23568644186645,488.6138656475927,479.85374753920615
2013-12-17 13:00:00+01:00,515.0574360510091,473.30399932073675,485.0683154119139,495.7270811843776
2013-12-17 13:10:00+01:00,525.5153113374748,500.55376284401297,507.5392424410829,520.7765908261982
2013-12-17 13:20:00+01:00,505.7153707713604,498.57771370744825,525.9582634658415,532.466917262541
2013-12-17 13:30:00+01:00,455.9455934300371,528.0349810579835,529.687217364695,545.7503033812802
2013-12-17 13:40:00+01:00,481.3140884332263,489.20888749140755,511.0790835679742,530.2914314869555
2013-12-17 13:50:00+01:00,494.0400291552652,486.4813501364852,508.5713891768942,530.9263647354693
2013-12-17 14:00:00+01:00,494.52424569706506,493.9704038946044,511.72272452496964,539.3475224662917
2013-12-17 14:10:00+01:00,540.7431600688227,500.45287747730424,514.3858388460613,537.9669243992753
2013-12-17 14:20:00+01:00,496.97480040560214,514.6631579161528,533.6085241645801,544.2508866341249
2013-12-17 14:30:00+01:00,558.8016710694244,507.9270860004338,529.3396980258483,541.3675206989533
2013-12-17 14:40:00+01:00,502.4312831252434,540.7090008591658,549.2097801064612,554.7864152647259
2013-12-17 14:50:00+01:00,525.1642770840607,496.78213697019476,539.8763928230057,543.1837688409249
2013-12-17 15:00:00+01:00,486.81452846361015,541.5301558441785,542.1454540747327,546.3463096473752
2013-12-17 15:10:00+01:00,474.47894055709577,497.51754940308336,528.0766876587599,541.3350915800422
2013-12-17 15:20:00+01:00,503.0339409713979,471.9927181038543,514.3285412584323,538.5004955665606
2013-12-17 15:30:00+01:00,563.8130564633162,499.17659239080496,517.3949456519239,537.4589994574659
2013-12-17 15:40:00+01:00,651.6602330468389,527.8577270902372,542.9983989022497,550.4208434330749
2013-12-17 15:50:00+01:00,613.9459915748547,574.2167880517111,590.8386881527252,576.7271612722906
2013-12-17 16:00:00+01:00,630.8599607006668,589.7284429761002,608.3777763553597,579.609510538294
2013-12-17 16:10:00+01:00,574.4087917285008,621.0968659812187,623.3822738179549,593.9751676181731
2013-12-17 16:20:00+01:00,584.8152107958856,593.8235591428593,609.3631772575621,589.0816861448261
2013-12-17 16:30:00+01:00,577.2193807250683,598.5913402164572,602.9265367627933,599.315086421544
2013-12-17 16:40:00+01:00,601.4990298954551,594.3704716352436,595.4364885594838,592.9426850016399
2013-12-17 16:50:00+01:00,575.2766674449442,591.8670279933242,600.3476560646291,596.9778470496296
2013-12-17 17:00:00+01:00,614.2516714688406,592.8571819140208,594.4501360442015,598.1252642434674
2013-12-17 17:10:00+01:00,614.5733116060037,624.5045340950252,606.0646992965828,616.3666641132899
2013-12-17 17:20:00+01:00,529.8782802694345,600.5657760315391,614.2848163421355,621.772871514415
2013-12-17 17:30:00+01:00,542.1734527437945,574.8577844015273,585.740326156608,598.4811481889033
2013-12-17 17:40:00+01:00,514.0098380384529,575.5991646584569,572.4246350758004,593.1007734066376
2013-12-17 17:50:00+01:00,506.9122186385033,539.0345098164039,552.6186527874354,577.5984348888435
2013-12-17 18:00:00+01:00,579.6077787075699,533.8560797054278,538.1166321708347,575.3117880663717
2013-12-17 18:10:00+01:00,540.1198934955204,570.2261715754097,559.4281002722802,584.6280932429005
2013-12-17 18:20:00+01:00,569.3334223424924,527.6299303283732,559.5581094638605,580.0645353462271
2013-12-17 18:30:00+01:00,519.8288260154848,579.7858750058207,571.8404823525212,592.6464294166638
2013-12-17 18:40:00+01:00,542.2232907781191,536.1738353813555,559.0408612852648,576.4694694045359
2013-12-17 18:50:00+01:00,597.5595145828182,548.935306909177,559.912376906705,584.8780577120781
2013-12-17 19:00:00+01:00,648.3133968933431,581.0393124299035,582.7232776724769,594.1505809707926
2013-12-17 19:10:00+01:00,607.6533531196646,603.1079695265405,617.2183153922628,623.3445890204057
2013-12-17 19:20:00+01:00,657.3310019774119,596.790466380697,623.4061358884984,618.9240793290567
2013-12-17 19:30:00+01:00,672.6922497285018,628.7549340971794,645.1113676906629,642.9935431991204
2013-12-17 19:40:00+01:00,682.4805655308248,661.2899306020925,663.4675051685105,654.420349224122
2013-12-17 19:50:00+01:00,621.9195903613949,671.1784841215278,677.8987642000404,677.3681915835675
2013-12-17 20:00:00+01:00,694.6891499654495,654.8531378654235,662.4771118507387,655.6716883883079
2013-12-17 20:10:00+01:00,706.7257115178738,660.0025972358939,680.4342394821334,677.0498869337592
2013-12-17 20:20:00+01:00,778.5899984517836,687.5821597203428,696.8390725980242,686.2788199627304
2013-12-17 20:30:00+01:00,856.9403975738924,734.6278114648896,734.0828499693833,725.6402321465854
2013-12-17 20:40:00+01:00,726.2475281452449,785.9379773440199,785.7999536229431,748.056049295626
2013-12-17 20:50:00+01:00,784.6139464654435,751.5628396095057,773.0914735376019,741.1579767424677
2013-12-17 21:00:00+01:00,757.8934730170579,780.0882156257244,785.9262562128557,753.5132609381907
2013-12-17 21:10:00+01:00,802.3583834589549,772.9851151658729,783.2176861887897,749.2328176342079
2013-12-17 21:20:00+01:00,796.1235404438161,757.3103610942283,797.793012162287,764.8353060259436
2013-12-17 21:30:00+01:00,773.6260765507227,796.4413883147961,805.3171721022148,769.5842647979966
2013-12-17 21:40:00+01:00,734.6226744481526,773.7914973758681,801.4365556209578,767.7105426771303
2013-12-17 21:50:00+01:00,709.8821378486526,750.027151231145,781.9048863349927,759.4851518338007
2013-12-17 22:00:00+01:00,746.9247714345729,725.2048059890411,756.5348344469537,738.5343468021923
2013-12-17 22:10:00+01:00,771.5536166973652,722.5543606362944,753.1567379483774,749.7516550860774
2013-12-17 22:20:00+01:00,672.3411190472212,719.2478042029319,760.5786559650628,751.9222664470711
2013-12-17 22:30:00+01:00,697.9674901718241,702.2843817205286,723.5075509589866,710.3638579668475
2013-12-17 22:40:00+01:00,741.791560017201,681.6092597501738,707.3448196888386,708.9895775830715
2013-12-17 22:50:00+01:00,735.2937318135617,669.3707482657517,713.4389797577044,716.441708461489
2013-12-17 23:00:00+01:00,698.6623404781624,702.1299882381958,715.4118278144249,715.721211804359
2013-12-17 23:10:00+01:00,733.1980566605648,679.4878779609344,701.1462977761026,691.1674691947813
2013-12-17 23:20:00+01:00,753.3095253928735,667.9641994492199,704.8612203754177,697.1431713976734
2013-12-17 23:30:00+01:00,675.3309491265936,700.5696150739774,715.6528542931347,703.1390747733572
2013-12-17 23:40:00+01:00,601.7656719349488,664.0485289623758,690.3388106204,661.1631068258323
2013-12-17 23:50:00+01:00,615.0544099962425,616.1929764097395,639.4019947978276,611.0898938127243
2013-12-18 00:00:00+01:00,611.1582006411121,606.1485925719774,611.6313488208757,599.4816232365164
2013-12-18 00:10:00+01:00,562.4349288469011,577.721092197783,592.9083834681362,581.2970432619692
2013-12-18 00:20:00+01:00,475.7309708015447,545.8769322625119,561.5030768974849,556.9676223759312
2013-12-18 00:30:00+01:00,521.0316825593104,495.2626973901676,504.37360277055376,498.21222787557764
2013-12-18 00:40:00+01:00,478.2405478590051,482.1984945450007,489.6451205151303,494.0577484952942
2013-12-18 00:50:00+01:00,456.802154142148,468.855434177587,465.1568655273183,471.06683086947555
2013-12-18 01:00:00+01:00,403.4241226474422,451.94810880872217,442.81988937084054,457.59115230715
2013-12-18 01:10:00+01:00,413.68645192346946,401.793230692533,408.86597129406834,412.49013449517685
2013-12-18 01:20:00+01:00,354.89768334431926,402.68962097498763,393.3663359780132,400.4002497672175
2013-12-18 01:30:00+01:00,342.2767403182218,358.08147513472625,362.59877714286984,361.21360751897447
2013-12-18 01:40:00+01:00,330.2101831328642,338.86471175686626,340.579211558908,348.05029331700985
2013-12-18 01:50:00+01:00,307.27289138558245,322.6515208856879,323.73619341475575,322.2555106829305
2013-12-18 02:00:00+01:00,301.65017007934176,302.35679784266796,306.21789060369184,310.1102086820547
2013-12-18 02:10:00+01:00,292.6382767386301,292.6908676374887,294.4212410547159,296.6131557728455
2013-12-18 02:20:00+01:00,280.1570221168059,283.70443359957204,284.88760364382364,282.3763616984359
2013-12-18 02:30:00+01:00,267.46650365860893,277.34238610211116,275.67238083040013,267.1507321060622
2013-12-18 02:40:00+01:00,260.8553031166018,263.8140329634217,266.57464278296663,260.5829541045721
2013-12-18 02:50:00+01:00,240.2893100517734,253.0538276940152,259.2873543084023,248.94876585067013
2013-12-18 03:00:00+01:00,260.9837632090698,246.1049025248978,248.65163253380652,238.15515557210716
2013-12-18 03:10:00+01:00,241.9539925760092,243.94929001268727,247.92746533927445,238.4380739270178
2013-12-18 03:20:00+01:00,239.97504851957441,233.89310820442623,241.77505438812366,230.26581113618676
2013-12-18 03:30:00+01:00,237.3149590022701,234.76095202586131,237.19967938799158,228.38650916249088
2013-12-18 03:40:00+01:00,247.64273329570722,234.00023594406923,233.4525260515204,223.31451286889245
2013-12-18 03:50:00+01:00,219.39918733565287,230.62670577524915,233.8866783109996,223.67542511168057
2013-12-18 04:00:00+01:00,258.7413288753189,226.49525934428198,227.09034473333,218.13538112368306
2013-12-18 04:10:00+01:00,217.83738039337518,237.2850108808666,233.05012835759914,225.24232373650344
2013-12-18 04:20:00+01:00,233.26751536735472,224.67765349305702,227.57197724055516,212.45037706578248
2013-12-18 04:30:00+01:00,234.93833985222832,233.3467423174175,228.39590359544573,223.11067195073898
2013-12-18 04:40:00+01:00,206.07232609588635,232.59941622790407,230.34745417372622,216.177360429471
2013-12-18 04:50:00+01:00,215.0728578409532,218.4959479931074,224.90622355794986,210.79602132906996
2013-12-18 05:00:00+01:00,204.97272018412133,222.26313500250723,223.9806500503466,212.66225103793624
2013-12-18 05:10:00+01:00,213.79724165136167,210.74678053774076,221.40188739059514,206.70607254487726
2013-12-18 05:20:00+01:00,201.24495497685967,216.43145496086274,222.4490296161275,207.736270179513
2013-12-18 05:30:00+01:00,217.47639457358224,213.33472712580118,220.61649896618283,205.2474357879467
2013-12-18 05:40:00+01:00,206.1239795752998,216.35154966228328,224.04224485112104,209.26992480698894
2013-12-18 05:50:00+01:00,201.40818922506023,218.14528496508075,224.28165839044618,212.9926541564501
2013-12-18 06:00:00+01:00,226.19367592775373,217.5212310446265,223.52164835951194,215.20272735111777
2013-12-18 06:10:00+01:00,231.6018129300334,224.7203079964145,230.0968807468868,220.92989689650398
2013-12-18 06:20:00+01:00,203.22811614051164,226.34684972167832,237.50252502853192,223.8720065360477
2013-12-18 06:30:00+01:00,251.8799245051761,226.804327297413,235.320128170751,229.80193966352846
2013-12-18 06:40:00+01:00,216.6011499876289,244.12241261122446,248.21070790254788,242.9199270086708
2013-12-18 06:50:00+01:00,223.5456969467852,233.64227123058285,248.35768987391276,235.814791392478
2013-12-18 07:00:00+01:00,266.7047051229702,245.0680129581901,250.85462880218086,254.62360838703438
2013-12-18 07:10:00+01:00,240.15982031088092,264.8376088857186,266.858039661896,265.33854212476615
2013-12-18 07:20:00+01:00,260.1102364807505,253.12620559006194,271.69200785003153,263.84533360527786
2013-12-18 07:30:00+01:00,351.57884425838927,280.441334381827,282.72828384725216,291.9628396311029
2013-12-18 07:40:00+01:00,359.3256886327395,315.20684622430997,322.30701144972693,320.50726922065206
2013-12-18 07:50:00+01:00,390.9544604925573,339.4689987102862,358.22541975987787,352.9057140905795
2013-12-18 08:00:00+01:00,344.85855246183945,387.5358797995371,397.0115557338226,410.16324654243266
2013-12-18 08:10:00+01:00,385.59510916025835,369.8911048505865,407.06185468136283,397.29245183175016
2013-12-18 08:20:00+01:00,406.3650694693789,397.79412930276663,427.747931609566,428.54281963651266
2013-12-18 08:30:00+01:00,429.384501277769,419.05654826566695,446.25831570206304,450.07732169010626
2013-12-18 08:40:00+01:00,422.7293466701459,427.0846841343949,463.86022981438447,460.9528126959059
2013-12-18 08:50:00+01:00,437.6134400800509,438.7414936031699,469.7174356335013,461.8394074388553
2013-12-18 09:00:00+01:00,447.9749588807961,461.23755503089166,475.9201503401918,474.1266108204682
2013-12-18 09:10:00+01:00,375.1729173746905,458.073977929006,481.0247163506748,477.02720631899166
2013-12-18 09:20:00+01:00,416.1837017134689,421.53336179299157,454.36148427176283,450.3528954753335
2013-12-18 09:30:00+01:00,449.790020581036,441.2148099837222,452.08775927209285,466.90235554968433
2013-12-18 09:40:00+01:00,450.2894213048024,440.42755661790966,462.6014891525331,459.76106080916713
2013-12-18 09:50:00+01:00,451.98959006948814,454.60757758633184,470.5280973744631,473.28307640308765
2013-12-18 10:00:00+01:00,415.0632193471728,473.7786484259277,476.61027343841084,479.3618413748028
2013-12-18 10:10:00+01:00,471.6131193465531,437.87864354234216,465.9768547496223,467.31199525583236
2013-12-18 10:20:00+01:00,475.0469575313576,468.8347421740275,479.7396952775412,478.84996213981486
2013-12-18 10:30:00+01:00,438.1190933324905,483.97543170804505,489.947054365312,477.36353347118467
2013-12-18 10:40:00+01:00,452.35615643433675,461.73095671818993,482.3138727210236,469.3220814770876
2013-12-18 10:50:00+01:00,447.59966669885233,461.20138902446797,482.26715396709267,470.73417118829514
2013-12-18 11:00:00+01:00,432.17351912038384,472.22074844372537,480.0082754370554,467.0373214870663
2013-12-18 11:10:00+01:00,473.3685701616529,448.5604719781461,472.5066891315838,457.8217948514331
2013-12-18 11:20:00+01:00,480.7771291916956,469.88787661422145,483.60831067500385,464.77167927099697
2013-12-18 11:30:00+01:00,429.60591250645086,466.74744985978253,494.0699717911467,468.65379533265246
2013-12-18 11:40:00+01:00,490.2912910656063,451.50586770105883,480.81366875115833,457.5043751614347
2013-12-18 11:50:00+01:00,475.7479595336726,486.7243432759201,495.4425029077654,476.96054520981335
2013-12-18 12:00:00+01:00,512.2917700371157,473.2093682609098,499.33725437681125,483.56274772500876
2013-12-18 12:10:00+01:00,480.24310057650183,498.56832196042393,515.3655743958245,508.4826666151769
2013-12-18 12:20:00+01:00,453.3818365229453,496.22491529252505,512.9960914307932,505.80423565594737
2013-12-18 12:30:00+01:00,417.35490433873537,483.8242450959918,500.0955644691468,496.05863948857024
2013-12-18 12:40:00+01:00,485.6223756719809,460.5486921109945,476.67502686101164,483.7322112791277
2013-12-18 12:50:00+01:00,447.5009085511185,478.0834679986086,489.02169509818424,512.4410766283025
2013-12-18 13:00:00+01:00,509.5892470513815,468.15480614150476,483.25954821913933,502.56759036388286
2013-12-18 13:10:00+01:00,497.132274233595,494.29691820157126,504.1515187807682,531.5824419059422
2013-12-18 13:20:00+01:00,496.7346359959613,495.5558512288203,513.4046731046554,534.5917424755881
2013-12-18 13:30:00+01:00,495.92696827662496,506.76650459901566,518.7409851977391,545.2911737489688
2013-12-18 13:40:00+01:00,526.5098826973248,506.88902356581656,520.8858578703151,546.9020936865838
2013-12-18 13:50:00+01:00,486.7626506031144,514.0585363827805,532.9922525299143,549.2905643162452
2013-12-18 14:00:00+01:00,516.838468131377,502.9931174796758,524.6864678341478,537.5063495878284
2013-12-18 14:10:00+01:00,494.90015886648376,515.1409914705786,530.5893310586379,544.2080865643013
2013-12-18 14:20:00+01:00,510.1653048786555,509.151312858468,525.5407263789441,535.9533768582496
2013-12-18 14:30:00+01:00,531.8371964850222,518.4610134925722,528.2237760654665,535.9477784494278
2013-12-18 14:40:00+01:00,503.310313441545,525.1591326659113,538.1739972005163,543.2912023898546
2013-12-18 14:50:00+01:00,459.2364213083473,508.24175989779906,533.5459567410559,533.0640087102912
2013-12-18 15:00:00+01:00,497.27670430457874,491.4527198409104,512.5617637877056,523.056537996265
2013-12-18 15:10:00+01:00,542.5419265767679,513.1312785092665,514.6766744923689,525.1962559855485
2013-12-18 15:20:00+01:00,434.0030670579266,515.4332130369852,533.7906801082052,532.288262451071
2013-12-18 15:30:00+01:00,491.4044316829118,486.3089506841833,502.82349325369825,514.6922405744582
2013-12-18 15:40:00+01:00,532.7048380850446,494.2987492393648,507.2839623784892,521.080119023276
2013-12-18 15:50:00+01:00,473.793334137249,503.1052979680326,526.3959803523434,523.602526719783
2013-12-18 16:00:00+01:00,482.9632886824664,492.47954444167345,516.0202677347934,522.8380563297077
2013-12-18 16:10:00+01:00,465.23320788765983,496.4921777728258,513.1048329083816,521.4076397637539
2013-12-18 16:20:00+01:00,458.5682686083443,471.0824235139117,503.85627105018267,511.7462152872388
2013-12-18 16:30:00+01:00,521.3161056179239,495.700688513363,495.52877472901986,516.8850938172319
2013-12-18 16:40:00+01:00,495.1496506100171,496.22686187977314,515.4890558705686,529.189556846355
2013-12-18 16:50:00+01:00,604.3989402975321,498.57084249760925,518.8260550941204,522.8960083162747
2013-12-18 17:00:00+01:00,524.9424020272515,551.249720993784,561.3829022994336,547.6381041147564
2013-12-18 17:10:00+01:00,590.0272881231607,545.4975314040278,558.3363076447243,541.6459588961663
2013-12-18 17:20:00+01:00,544.0445280497286,584.9851792460585,579.5024953810896,565.2194551059288
2013-12-18 17:30:00+01:00,558.8424506568282,564.0464833505245,573.7414661046173,554.8866101442156
2013-12-18 17:40:00+01:00,577.9956926186444,579.8057990992047,574.720282956338,569.1437874108562
2013-12-18 17:50:00+01:00,635.329259241057,583.0280604414974,581.8515448151005,576.1749286816181
2013-12-18 18:00:00+01:00,690.9079169932741,637.5928128674436,606.9048065373227,608.5494201474729
2013-12-18 18:10:00+01:00,592.6084153026952,660.6306801512767,641.8971842896844,630.0306144171157
2013-12-18 18:20:00+01:00,578.6259194006225,637.3577210804044,628.1362919467724,629.0647284402872
2013-12-18 18:30:00+01:00,624.7504997275349,634.3515751359764,612.9088100984552,623.3121926367635
2013-12-18 18:40:00+01:00,612.874241796974,642.7225067205561,619.8730784044479,648.9089644238136
2013-12-18 18:50:00+01:00,629.817029483286,632.6811944790096,620.3413566116313,646.0128559695239
2013-12-18 19:00:00+01:00,615.9168449417231,641.360414751488,627.7192604699293,662.454285011931
2013-12-18 19:10:00+01:00,625.1919814628643,637.9536294429107,627.6779479318848,652.4405167144179
2013-12-18 19:20:00+01:00,685.1199628734653,654.5677325574017,631.326849789259,663.0081375043308
2013-12-18 19:30:00+01:00,711.7585336222902,672.9611776693264,655.9800101226335,681.451932483431
2013-12-18 19:40:00+01:00,670.035445257445,699.2228440821355,682.143846118785,698.3881642077615
2013-12-18 19:50:00+01:00,662.9190953922255,692.5088531127816,683.76649248973,693.7772976467832
2013-12-18 20:00:00+01:00,689.252942183657,698.2781260583455,681.0609420414121,691.4669221409426
2013-12-18 20:10:00+01:00,650.3041241869527,695.5638044279971,688.5144446085669,696.5727344298232
2013-12-18 20:20:00+01:00,724.940389235322,683.1391767367802,678.1040233739313,685.7646442912944
2013-12-18 20:30:00+01:00,740.3118194240849,714.2099262162699,699.9609735100454,706.1731338819728
2013-12-18 20:40:00+01:00,864.306518730675,708.0221684041462,721.1747476158662,718.4601703844186
2013-12-18 20:50:00+01:00,889.6766319185051,789.0504716282358,779.2792586660735,763.8966930171965
2013-12-18 21:00:00+01:00,865.9717800557885,840.7049556707689,827.9937516975156,784.7720421499121
2013-12-18 21:10:00+01:00,832.2453952090876,835.0396478989041,852.6791538311079,795.3617660264931
2013-12-18 21:20:00+01:00,826.2527759004385,853.5758360900126,855.7097561002464,801.6389909940175
2013-12-18 21:30:00+01:00,908.8113038196409,844.1104486053024,853.3821071264106,803.039710156393
2013-12-18 21:40:00+01:00,907.1065602829314,880.1153811680515,879.8506715630341,824.238237844828
2013-12-18 21:50:00+01:00,926.0198480759047,870.9609341767251,897.0939647902206,831.7143288645606
2013-12-18 22:00:00+01:00,952.9996575114088,906.7137414541088,915.1933735145279,852.9377146932494
2013-12-18 22:10:00+01:00,865.1980649991352,915.861727255498,936.0711475380251,868.751865080351
2013-12-18 22:20:00+01:00,819.5645119130362,884.5884664475924,916.7600935778821,861.6904697721227
2013-12-18 22:30:00+01:00,836.25780785593,854.2711268396635,881.9419047413924,842.4277355959658
2013-12-18 22:40:00+01:00,828.0269344647736,848.286233026485,860.4575189293512,827.0780860711533
2013-12-18 22:50:00+01:00,826.9651904944257,796.2228264557452,839.6006214061416,823.6590264426477
2013-12-18 23:00:00+01:00,795.3643658657347,800.8759304959885,823.0032168716715,806.9038604239303
2013-12-18 23:10:00+01:00,769.98233615689,769.8558465929541,797.6181872910403,792.4210056437046
2013-12-18 23:20:00+01:00,825.0037467491468,742.4416954058511,768.304383493627,771.4512351418634
2013-12-18 23:30:00+01:00,779.4574330559043,767.2365258195339,768.2715775815533,777.315807739803
2013-12-18 23:40:00+01:00,757.7577784985081,729.9557936002406,750.8566677268195,749.909048925333
2013-12-18 23:50:00+01:00,644.847211250031,718.1515147877694,729.9638954249689,727.8280694514781
2013-12-19 00:00:00+01:00,652.7716687870911,643.656214202787,668.2532008445094,658.616819598504
2013-12-19 00:10:00+01:00,605.0360417551316,624.0672128098225,630.7088005212294,637.1022254981265
2013-12-19 00:20:00+01:00,589.0569508163323,579.7671361488024,587.952979716166,600.1589371054423
2013-12-19 00:30:00+01:00,588.6150506847148,561.6727862011101,556.3978545706087,580.8882361057173
2013-12-19 00:40:00+01:00,471.39311930672574,542.6127120207491,538.6386296796828,564.788065912081
2013-12-19 00:50:00+01:00,505.7888663771212,474.7809228824378,483.07935650070584,499.031387350468
2013-12-19 01:00:00+01:00,453.7603367939481,471.75667755834553,464.94304921130885,492.8771405123465
2013-12-19 01:10:00+01:00,475.90899911553123,427.7206794516612,436.3669367153799,454.88016871095647
2013-12-19 01:20:00+01:00,378.76324633026036,431.3228948517804,429.0043054266627,453.3512531663054
2013-12-19 01:30:00+01:00,384.6749286111653,390.16991555932407,389.55746190145004,393.80532901828946
2013-12-19 01:40:00+01:00,332.8644883544529,367.3476213460269,369.80551268306715,386.8883342198061
2013-12-19 01:50:00+01:00,338.1401085615215,337.55126055564136,340.07857990010723,337.81732491482444
2013-12-19 02:00:00+01:00,318.74048976260644,327.07725418456045,325.4975237968214,330.2247102092363
2013-12-19 02:10:00+01:00,308.44058898823425,311.3337030714968,310.74182731333,308.57016832421215
2013-12-19 02:20:00+01:00,300.5559810630314,295.90455080671694,299.06480399565976,303.0668638308337
2013-12-19 02:30:00+01:00,270.9312934128242,292.30519281343874,289.99116667904184,288.9744417938966
2013-12-19 02:40:00+01:00,275.24824573719246,270.01892324329935,275.5528320922419,274.9530189434258
2013-12-19 02:50:00+01:00,274.17539700354047,269.6060058236767,268.9320441880398,263.0163642126376
2013-12-19 03:00:00+01:00,276.37575228865705,263.74195037157733,264.79048340788233,259.31669471366513
2013-12-19 03:10:00+01:00,264.5517493541917,255.30073264358248,262.9362394392337,254.23706490335871
2013-12-19 03:20:00+01:00,261.5482383048585,255.79674761410422,258.2133609022457,248.17908833788593
2013-12-19 03:30:00+01:00,240.89754519785697,255.7419365762284,254.27117958941622,244.0098288993948
2013-12-19 03:40:00+01:00,268.111915782142,243.27815997292996,245.62114791849024,232.74104239736207
2013-12-19 03:50:00+01:00,257.81542360240303,248.04591290491464,247.63896616981367,235.9906745684903
2013-12-19 04:00:00+01:00,332.9769752231634,245.395515430494,246.25794172237292,230.188887459012
2013-12-19 04:10:00+01:00,326.5220714367158,276.05597716605405,265.49196410619254,253.68234873411046
2013-12-19 04:20:00+01:00,238.47893044646648,289.48437071935524,279.30540594823447,263.95145922083134
2013-12-19 04:30:00+01:00,223.33774671181217,265.5674133658685,263.5713724721711,251.6474192649106
2013-12-19 04:40:00+01:00,229.53265226297785,250.78668192514985,248.95499091227137,235.66642480799425
2013-12-19 04:50:00+01:00,229.25528700037967,236.48767190627925,241.47080503555142,220.66696410412837
2013-12-19 05:00:00+01:00,231.11295555398914,236.77245908110476,236.83036893615403,217.45229855245117
2013-12-19 05:10:00+01:00,247.02547539908778,227.40327373779112,234.8893277671259,217.4517826375752
2013-12-19 05:20:00+01:00,249.4221114950493,235.37102346948714,238.8539190461335,220.87322678561904
2013-12-19 05:30:00+01:00,216.9626040402641,246.2581407947269,243.7597622833015,229.65568120964022
2013-12-19 05:40:00+01:00,238.0588627058573,232.54701172753545,238.9906163070459,223.3367036943253
2013-12-19 05:50:00+01:00,216.9820563254752,237.61744653679264,242.33785735181652,223.53856877261936
2013-12-19 06:00:00+01:00,230.17104344646887,228.02230698502925,239.47783442038747,212.98567079330985
2013-12-19 06:10:00+01:00,260.16978338928243,239.44905227302849,241.89114807360068,229.36925376586453
2013-12-19 06:20:00+01:00,269.3240486637175,253.8655377363012,253.5430896494322,239.5908021397921
2013-12-19 06:30:00+01:00,283.6801448511464,261.8935820250486,267.0445479392162,252.4342440765701
2013-12-19 06:40:00+01:00,264.8606308469094,280.0627995337329,283.9053174781846,277.7451440360352
2013-12-19 06:50:00+01:00,240.79699548042723,282.8824433741333,292.00248423048953,269.8590278419291
2013-12-19 07:00:00+01:00,305.1569055983516,270.0088861044467,289.78227708754446,263.18301091281825
2013-12-19 07:10:00+01:00,315.9095901318051,306.65803842344906,311.67501151402183,295.534757507332
2013-12-19 07:20:00+01:00,324.02412694729463,312.81363929962873,333.37027065320126,311.2298313358352
2013-12-19 07:30:00+01:00,379.56685734685385,329.4233432491759,353.4989166208934,349.34754069702757
2013-12-19 07:40:00+01:00,384.2071036894112,363.97867488863403,388.52752473002846,385.94642725816493
2013-12-19 07:50:00+01:00,430.36384835455266,378.599714799248,414.76296993073595,404.4330038134481
2013-12-19 08:00:00+01:00,429.95959343322664,421.34282466331825,448.03298008572284,447.59261123250843
2013-12-19 08:10:00+01:00,451.92217036210377,441.50585827026225,467.407460787206,452.40962435088477
2013-12-19 08:20:00+01:00,479.653520097973,457.1362703044939,484.4504122585153,471.1827855745703
2013-12-19 08:30:00+01:00,497.9538169380983,480.21150565322125,501.17155134540457,497.7817970839395
2013-12-19 08:40:00+01:00,500.08948588183483,501.80940706437053,514.5014526889566,516.1727466387815
2013-12-19 08:50:00+01:00,525.4954884067608,514.6093511491863,520.6786764098775,515.0023487971446
2013-12-19 09:00:00+01:00,498.7365146441874,538.5558271435704,530.8543997601705,520.5483273983068
2013-12-19 09:10:00+01:00,501.357980298803,531.780497866825,526.3896695204487,519.2657625814855
2013-12-19 09:20:00+01:00,521.4435967933339,520.2448386535456,523.377913812299,514.4493781194476
2013-12-19 09:30:00+01:00,509.71110135496934,528.9153836146504,527.8873884552564,524.6856936571144
2013-12-19 09:40:00+01:00,458.5332506007366,524.8883688875447,526.7325878246882,524.0541020210484
2013-12-19 09:50:00+01:00,530.7793629529968,502.9143120198992,507.0351571929996,507.62110191563255
2013-12-19 10:00:00+01:00,518.1639972268285,523.2029195451767,520.8244310735927,515.8554260113978
2013-12-19 10:10:00+01:00,501.4351044756796,510.8709571510191,526.2749943196355,512.4268496088235
2013-12-19 10:20:00+01:00,478.9763110365871,506.726323289083,524.1974909758609,509.64503954821794
2013-12-19 10:30:00+01:00,512.3673877567448,496.0488098753946,514.1030001853853,502.8541570611027
2013-12-19 10:40:00+01:00,562.8595713596494,508.74807437219624,520.0937327950015,507.9035653420983
2013-12-19 10:50:00+01:00,514.119861353965,532.7489249880954,542.6419986295238,524.000756019342
2013-12-19 11:00:00+01:00,495.38753690603033,525.6614039132077,539.8487266500364,518.7399198852562
2013-12-19 11:10:00+01:00,530.4421332181598,506.54641508945105,530.1971256084696,515.6216967286337
2013-12-19 11:20:00+01:00,566.3543296261632,515.994423201156,536.8035202542715,519.9977886710442
2013-12-19 11:30:00+01:00,532.3127912873939,546.6389640731503,554.3643944083249,539.0148376258883
2013-12-19 11:40:00+01:00,546.5252659163077,530.5931326319146,553.2386284834913,536.7136557763354
2013-12-19 11:50:00+01:00,560.937941529843,543.228177272841,557.4695939199306,541.673149011126
2013-12-19 12:00:00+01:00,565.3531047265323,562.4601021966523,565.0691200538679,548.4285667181935
2013-12-19 12:10:00+01:00,562.9656116844808,559.6093738350393,571.3013874042691,558.8884627920529
2013-12-19 12:20:00+01:00,588.6607963199116,564.617413205365,574.0724328518752,557.8935656857635
2013-12-19 12:30:00+01:00,624.6104439230008,566.6753429891869,585.0537537548548,576.3881120142526
2013-12-19 12:40:00+01:00,624.3233579653183,598.7963961743131,604.8750764166398,601.7506501217798
2013-12-19 12:50:00+01:00,543.0563056463027,617.8819262195639,617.2471766803654,621.7911313461368
2013-12-19 13:00:00+01:00,579.992006947522,582.692765850128,593.0412412050762,599.8294119911964
2013-12-19 13:10:00+01:00,627.6903941851278,587.4312203209205,591.4712714206629,611.6675209431598
2013-12-19 13:20:00+01:00,642.1159151355206,597.755932756007,608.3104340114432,636.7526467591085
2013-12-19 13:30:00+01:00,580.0918717008689,615.7205421171451,625.4521229429834,647.5074142408059
2013-12-19 13:40:00+01:00,592.5677928746392,604.4459545274375,613.138054201175,626.6940665890805
2013-12-19 13:50:00+01:00,632.7699037211646,584.6649461187026,609.6052719625263,619.0756702126864
2013-12-19 14:00:00+01:00,652.0191368538634,605.8487384576729,622.4700748647467,630.6730129577951
2013-12-19 14:10:00+01:00,709.7509042890802,613.2428133695878,638.5664514126336,632.6347434458418
2013-12-19 14:20:00+01:00,638.8496757300276,645.9211800371912,670.2981034298602,643.9962828749868
2013-12-19 14:30:00+01:00,581.7326636968357,621.0530086652705,664.5184397127005,628.8598554194505
2013-12-19 14:40:00+01:00,579.0537234110025,609.958194518523,636.3326832589584,607.2616612973369
2013-12-19 14:50:00+01:00,531.8092731294032,598.4614723103765,616.154052683,592.2206114283633
2013-12-19 15:00:00+01:00,510.3120911800439,549.7625907382685,583.2214203441607,569.9958092037923
2013-12-19 15:10:00+01:00,537.1908968053299,520.8731068562187,553.8674140880372,554.8053027455948
2013-12-19 15:20:00+01:00,488.2287633078352,516.6900060918172,548.3549783804466,551.2424847334273
2013-12-19 15:30:00+01:00,507.1159886222326,502.6973572282527,525.8036823729396,538.335130134625
2013-12-19 15:40:00+01:00,568.2799294661852,506.1740973135582,521.0376597012114,534.5045595873924
2013-12-19 15:50:00+01:00,557.6498101615637,536.1003208334564,545.1107065524692,541.6903674517949
2013-12-19 16:00:00+01:00,490.93957424358325,537.4573764543552,558.5842069487843,546.5429650855802
2013-12-19 16:10:00+01:00,493.11266726165593,520.4981240189325,537.9902506088105,545.58431833951
2013-12-19 16:20:00+01:00,479.8437488859495,499.59193382524074,525.4632344405293,535.459246791644
2013-12-19 16:30:00+01:00,535.0470776002493,501.609190013405,512.1007111874768,531.3515156565484
2013-12-19 16:40:00+01:00,506.7423644613686,530.336666092996,528.6199931564204,542.7749817561341
2013-12-19 16:50:00+01:00,498.591372488486,519.1918051947604,528.8079478659788,539.1777802639169
2013-12-19 17:00:00+01:00,469.36569624908975,511.627899491222,525.9371266762687,539.5025438071024
2013-12-19 17:10:00+01:00,529.801165828012,497.29199909664123,511.35369433852395,534.28212940845
2013-12-19 17:20:00+01:00,517.6651708991096,526.0586924764078,528.8658226266693,548.3004367040248
2013-12-19 17:30:00+01:00,527.8017637133345,525.5462613229957,535.8540894188875,544.3785166323809
2013-12-19 17:40:00+01:00,547.3710665495711,541.5084363099098,544.7876047043289,543.4087930727338
2013-12-19 17:50:00+01:00,538.0578805619039,545.3163894102925,558.4023678553024,559.1884603040043
2013-12-19 18:00:00+01:00,511.29506682782807,558.8177966395414,562.5761396542808,570.9481924391164
2013-12-19 18:10:00+01:00,551.7418908950876,553.2816410033417,553.0738440610734,574.7606688856247
2013-12-19 18:20:00+01:00,513.5182829927892,560.6033726556078,563.9346119425558,579.3282455358908
2013-12-19 18:30:00+01:00,534.7624908920349,541.8308843738798,554.5697268901184,571.1776837084336
2013-12-19 18:40:00+01:00,633.9006953187617,559.8644075693859,557.8904946059777,578.9122218088035
2013-12-19 18:50:00+01:00,573.5047318270589,593.9401518253416,598.7747703352964,611.7223915526134
2013-12-19 19:00:00+01:00,568.2207131019406,592.5819725140309,600.9030305585263,605.3499913983889
2013-12-19 19:10:00+01:00,569.0922185489732,606.0701815774498,598.9636424711864,610.7466359287948
2013-12-19 19:20:00+01:00,579.7164928263976,600.4500639735528,596.984370649066,610.8133034089665
2013-12-19 19:30:00+01:00,602.3819836305448,592.9887529100927,599.5404792774524,623.5456316222934
2013-12-19 19:40:00+01:00,595.5184376757408,624.8732572211096,610.0686020294908,641.5131725525679
2013-12-19 19:50:00+01:00,595.7493820743979,604.6836606185709,613.9351045808409,635.495456179557
2013-12-19 20:00:00+01:00,589.6145014000608,618.8645962112616,616.2321013696786,634.2920609244211
2013-12-19 20:10:00+01:00,609.2769992241559,632.5677555398998,614.8715078547681,627.7042351138957
2013-12-19 20:20:00+01:00,639.2316008213711,624.6311282991992,621.6779875077559,641.5359082942441
2013-12-19 20:30:00+01:00,610.7987115431126,641.2619431581189,637.654341699141,648.4042634097044
2013-12-19 20:40:00+01:00,670.4387746080545,633.4810209007618,636.4607988353139,644.4728467157511
2013-12-19 20:50:00+01:00,664.6453906122105,663.5970889823142,658.5609533387628,665.0281837827009
2013-12-19 21:00:00+01:00,741.4944747421238,667.1406723084342,670.2735302638845,671.6318968091447
2013-12-19 21:10:00+01:00,710.9492521230279,728.6190467051784,706.0019103698437,706.5646196616772
2013-12-19 21:20:00+01:00,683.6266822440697,727.3041335198592,717.608036292425,699.3539689098684
2013-12-19 21:30:00+01:00,686.1754846809013,716.7379765122215,713.6816632939111,691.7968102655178
2013-12-19 21:40:00+01:00,733.0298227537244,714.5307352870246,711.1657541951663,691.2709634113561
2013-12-19 21:50:00+01:00,754.2598988353473,715.7677809669549,727.3185975087453,701.0990581331127
2013-12-19 22:00:00+01:00,729.4788860722117,748.5971872212415,746.4694808392221,714.1476433492006
2013-12-19 22:10:00+01:00,714.3482294595724,756.8737335234463,749.9554008583195,709.5949023356317
2013-12-19 22:20:00+01:00,786.9618499731048,743.8567385222382,745.6900918298356,702.5784099775459
2013-12-19 22:30:00+01:00,752.4659205855403,744.7815281617171,770.3115867215896,733.7799744443702
2013-12-19 22:40:00+01:00,799.0014624551253,755.5523234876958,773.523372158702,728.5084222978073
2013-12-19 22:50:00+01:00,792.995409273517,764.5321069411037,793.1263188122239,752.5584715916334
2013-12-19 23:00:00+01:00,771.8872340869092,759.8519765932571,803.3996732183965,755.469407137844
2013-12-19 23:10:00+01:00,738.5890206508491,771.6419795377753,800.7853570591544,753.7618598290703
2013-12-19 23:20:00+01:00,702.439760599355,734.2272311588823,783.3854642483107,739.479812774262
2013-12-19 23:30:00+01:00,689.7746293912203,705.6493846890892,753.8353919339489,716.6027880782644
2013-12-19 23:40:00+01:00,613.1351862332795,666.8910820207974,726.2299890610099,690.694780491134
2013-12-19 23:50:00+01:00,621.9645263244192,630.5434419824701,671.3379539491907,641.2762841647374
2013-12-20 00:00:00+01:00,598.4746597767714,597.9063173927926,637.3808665827069,618.6903471105978
2013-12-20 00:10:00+01:00,500.76201609352955,582.0197263991004,604.4165291155575,582.7357867665531
2013-12-20 00:20:00+01:00,486.4684699934432,518.932542860512,539.2627516304592,525.8054054448926
2013-12-20 00:30:00+01:00,498.4484488745194,492.7504386235497,492.8503277048064,503.0882383904965
2013-12-20 00:40:00+01:00,470.8430935923818,466.39928142204235,470.9386568720541,486.91957857927247
2013-12-20 00:50:00+01:00,485.2161059594651,445.70720967104495,448.90082777055784,471.8506602318403
2013-12-20 01:00:00+01:00,452.23605475870295,443.8186420106817,442.27402536058827,463.2170773171317
2013-12-20 01:10:00+01:00,415.0505680256363,423.6853199967932,426.69513204468086,449.530741343691
2013-12-20 01:20:00+01:00,369.30106848005073,402.4126918843557,403.2632307806413,423.90502787189354
2013-12-20 01:30:00+01:00,425.91661075728854,370.9285269095799,372.0248780573899,386.25355963961334
2013-12-20 01:40:00+01:00,347.8888944012326,385.7419979596183,374.0827265669895,388.8805029419769
2013-12-20 01:50:00+01:00,325.6601772764357,344.0821340014154,348.20148127569075,347.9158195540127
2013-12-20 02:00:00+01:00,345.0483976237326,328.42032022875753,325.42245686046266,334.945210431536
2013-12-20 02:10:00+01:00,313.86018841874017,328.0795614811151,318.9780657057655,323.15505405108445
2013-12-20 02:20:00+01:00,293.0315873011263,311.49468282094614,305.21138867482466,306.00788217820053
2013-12-20 02:30:00+01:00,302.24741103004146,302.88880835678276,290.76858514849107,301.4311159961704
2013-12-20 02:40:00+01:00,316.8324542103486,293.7461246427332,285.6696509831865,288.33807960288766
2013-12-20 02:50:00+01:00,286.87125864524535,295.1787623124706,287.3411056537125,285.57656000060007
2013-12-20 03:00:00+01:00,282.21875434245857,285.7380384997899,279.4567723918763,283.695860856242
2013-12-20 03:10:00+01:00,310.2024624717053,276.9644236405552,273.48663236123247,277.9904567552093
2013-12-20 03:20:00+01:00,277.6964247446473,285.673651603761,278.1388657077078,277.6970767218587
2013-12-20 03:30:00+01:00,263.80006278940624,282.7264563709803,271.5809529356867,270.2966920725326
2013-12-20 03:40:00+01:00,257.2112451590623,271.77473210239657,263.5112958050875,267.82650837963223
2013-12-20 03:50:00+01:00,232.7358527179046,253.46325844625298,256.6068371176016,251.46914459444486
2013-12-20 04:00:00+01:00,240.00196610216176,245.80620865768935,245.08806293592917,242.0576236638261
2013-12-20 04:10:00+01:00,245.83524746087903,240.35212616948323,239.94763761101757,240.09485762234968
2013-12-20 04:20:00+01:00,208.02034570354488,237.70341455633678,238.38857407946745,234.48684029553277
2013-12-20 04:30:00+01:00,221.95059958998772,224.56944826455415,227.30622390164302,224.30875800282163
2013-12-20 04:40:00+01:00,224.5770410278504,225.03448647134985,224.06426606403218,227.23888443268578
2013-12-20 04:50:00+01:00,202.5326914381257,216.38963170208223,223.16692690937006,220.1275995724524
2013-12-20 05:00:00+01:00,216.11394649261055,215.4876339398534,217.62267569572836,216.46057495413652
2013-12-20 05:10:00+01:00,221.96820073372515,217.3691816234636,217.79394905948416,216.9374129203606
2013-12-20 05:20:00+01:00,197.6800934735111,214.25909838746324,220.29998011145315,213.5099177891934
2013-12-20 05:30:00+01:00,233.8510146166122,212.14943398491985,216.74501198811882,212.79169794265727
2013-12-20 05:40:00+01:00,234.02650682504216,231.5739662319281,223.81657619165404,226.3619084310347
2013-12-20 05:50:00+01:00,239.3611992175884,230.33703613002467,230.48084409232007,221.78156799318052
2013-12-20 06:00:00+01:00,232.7791218194377,242.52229736053732,237.97226589702703,234.07430180525083
2013-12-20 06:10:00+01:00,233.6761478003723,242.0829864776829,242.76519871978442,237.47844654555576
2013-12-20 06:20:00+01:00,232.82941510613932,246.00673403781843,247.39215491046005,237.50105285586778
2013-12-20 06:30:00+01:00,247.81062576333272,249.30507793507462,251.3432447465023,242.6113792768989
2013-12-20 06:40:00+01:00,250.6559520596593,259.1861692584368,259.7702425300615,252.20069309740202
2013-12-20 06:50:00+01:00,249.6260917198069,264.0266572601726,268.1319597374411,257.3359670094221
2013-12-20 07:00:00+01:00,248.4228948962397,269.4071343362345,275.03428780264363,267.57871507770744
2013-12-20 07:10:00+01:00,279.7076935437853,271.53042322053807,280.459492700213,282.42243692355765
2013-12-20 07:20:00+01:00,264.86901522478973,290.25394747271343,296.07763703691126,296.49787572567664
2013-12-20 07:30:00+01:00,345.61650129052185,294.75829150205817,303.38910684621635,301.6166660819523
2013-12-20 07:40:00+01:00,368.8654078965256,336.0997970348565,337.91428783708,345.5996478879887
2013-12-20 07:50:00+01:00,343.5065241800889,349.52435026354595,373.3648073248312,365.8817042362082
2013-12-20 08:00:00+01:00,423.9424225077336,368.0247152155433,390.29943977505405,392.56574900677435
2013-12-20 08:10:00+01:00,392.7308744546004,420.02247921588435,430.23467459148094,447.92205370722104
2013-12-20 08:20:00+01:00,451.9089337494773,409.8814442014936,444.0714477955455,435.7930084934859
2013-12-20 08:30:00+01:00,445.94226310647235,466.6258952404348,471.95704018064276,485.1392972137134
2013-12-20 08:40:00+01:00,450.4209063659356,465.1730792937125,484.23106707628625,479.15942745737595
2013-12-20 08:50:00+01:00,431.8521098545156,460.69639037597716,490.13021767693,489.11585124208176
2013-12-20 09:00:00+01:00,455.83774855504436,481.2406093390321,483.7019729940643,487.84894472947906
2013-12-20 09:10:00+01:00,446.13499230350544,479.87418599758445,485.9481067282652,489.3117708201643
2013-12-20 09:20:00+01:00,445.12996428834555,471.0990207600049,482.4354638173178,481.12715003494907
2013-12-20 09:30:00+01:00,504.8180012656729,472.42823857363123,479.20603264685013,481.0257383159325
2013-12-20 09:40:00+01:00,433.45779715046245,501.41558034120925,498.01179095113974,496.70167968835415
2013-12-20 09:50:00+01:00,475.46234433662227,461.86678495449263,484.408997403188,477.91683718565946
2013-12-20 10:00:00+01:00,419.2834716610677,493.16102074178855,491.02012183967463,493.30551435420773
2013-12-20 10:10:00+01:00,457.8841860308103,457.8386462553633,473.5874231176749,471.23124626429956
2013-12-20 10:20:00+01:00,382.40358137458617,476.52576365594336,477.18504798231675,476.20053017325745
2013-12-20 10:30:00+01:00,399.44513810367437,439.94001300346457,449.8189630101697,448.5890005800521
2013-12-20 10:40:00+01:00,451.72075660866403,431.2788080129572,439.7769517733215,447.5940799962071
2013-12-20 10:50:00+01:00,467.1351751912268,445.9234493118296,454.2695939898716,446.3304608607592
2013-12-20 11:00:00+01:00,463.4460468271194,469.2945248926289,471.5363180578079,460.2528493203761
2013-12-20 11:10:00+01:00,487.61784138717456,478.4979100108218,482.4314223970581,460.35835346685775
2013-12-20 11:20:00+01:00,447.8302448568371,472.82346025653675,498.26174422400845,470.64271727298177
2013-12-20 11:30:00+01:00,521.8112155225263,482.85296616798894,491.9610226732757,462.72672059230024
2013-12-20 11:40:00+01:00,477.8384247870015,515.4224545666458,514.746556006662,490.9236987865923
2013-12-20 11:50:00+01:00,482.3240055391057,493.79095062900905,512.039874378346,478.28140553413687
2013-12-20 12:00:00+01:00,473.196951535572,503.6234802064717,511.2395837912312,493.4213121599762
2013-12-20 12:10:00+01:00,509.32489842504265,496.53324825353735,506.42758412351196,490.08855549578414
2013-12-20 12:20:00+01:00,485.3472994179376,513.7843305928867,516.8069510672735,503.05912615452723
2013-12-20 12:30:00+01:00,527.3755159965257,511.26227996572925,514.3706087739442,511.2801755536474
2013-12-20 12:40:00+01:00,524.2473208497339,533.923234232347,528.5375145897718,528.699364210839
2013-12-20 12:50:00+01:00,573.3175929104203,531.9455967395793,536.2362084659577,535.9617673756186
2013-12-20 13:00:00+01:00,531.7174881706954,563.5587094083941,558.4226355898975,556.9109098696468
2013-12-20 13:10:00+01:00,510.33715762115753,548.5964369083093,556.5310435923964,563.2518702202032
2013-12-20 13:20:00+01:00,551.6787381314745,536.7069536144998,546.054716359951,564.0512070614785
2013-12-20 13:30:00+01:00,583.7198317266765,561.0193462164203,554.2281877432691,573.9306404709129
2013-12-20 13:40:00+01:00,564.1134256250526,572.3546993425513,570.956274040174,580.5191442396907
2013-12-20 13:50:00+01:00,546.2261658501558,563.3577638844004,574.6304281510858,578.8655571480176
2013-12-20 14:00:00+01:00,549.2161324584945,552.9013470681468,569.7737999272725,570.768224130139
2013-12-20 14:10:00+01:00,540.6408556377855,546.3005121236115,567.2496725276276,567.5506063446664
2013-12-20 14:20:00+01:00,575.3439028723463,549.7640429730636,562.1709764540539,564.1744658975027
2013-12-20 14:30:00+01:00,540.9245232654958,555.3564582476372,572.2587175027626,564.99293839092
2013-12-20 14:40:00+01:00,537.3260136827056,535.2056103952456,566.0278108261015,554.1261524361095
2013-12-20 14:50:00+01:00,515.51966953278,527.7224714579856,560.7607946881177,552.1614286579397
2013-12-20 15:00:00+01:00,525.7843052026581,540.94818230287,548.7698396037906,541.3764106625277
2013-12-20 15:10:00+01:00,513.367659965025,519.5523436987705,545.6156335909244,542.503040312973
2013-12-20 15:20:00+01:00,549.3927171323685,511.0512129996099,539.3183698325652,535.843719555927
2013-12-20 15:30:00+01:00,473.44339234939406,530.3705302909746,550.2616180244319,541.3450981143253
2013-12-20 15:40:00+01:00,433.7922956049485,491.8944252700303,526.7643810250718,527.7130164589973
2013-12-20 15:50:00+01:00,461.2684288734615,467.4503197635039,494.91194408970784,517.6640522132578
2013-12-20 16:00:00+01:00,513.624653861908,471.0973895162598,487.5196603598479,516.1561990284139
2013-12-20 16:10:00+01:00,451.77245992463156,486.77060603904823,505.6364203559222,523.9048180138742
2013-12-20 16:20:00+01:00,508.8336240872274,468.2534785060806,493.6572372303824,513.3788613919035
2013-12-20 16:30:00+01:00,480.79778451027084,500.165084025119,510.1907845909294,521.7810387905071
2013-12-20 16:40:00+01:00,501.9653927923639,480.7325070328361,509.784047966431,516.68795117277
2013-12-20 16:50:00+01:00,435.66398656773356,500.7746842604015,518.1600359807842,528.4395255892751
2013-12-20 17:00:00+01:00,447.6308155287108,485.8482026327806,494.9093189059825,507.01322347655815
2013-12-20 17:10:00+01:00,515.0218262621732,467.2333183828269,485.84033714199893,504.90901628687214
2013-12-20 17:20:00+01:00,492.5955049896778,501.32746165356065,508.02388263683105,519.9326007957496
2013-12-20 17:30:00+01:00,501.45155566761827,499.94789452863074,514.277204974542,525.031467416561
2013-12-20 17:40:00+01:00,532.5606052743934,508.53021722490223,521.8557804349996,527.8208124956288
2013-12-20 17:50:00+01:00,506.7201516896337,522.5488767385624,538.3810627064989,542.4008282274957
2013-12-20 18:00:00+01:00,589.6404771862244,535.7859532881696,537.6862717980831,545.3762233049642
2013-12-20 18:10:00+01:00,545.7430927698272,567.8750424259506,568.0474148532043,575.080700516129
2013-12-20 18:20:00+01:00,579.629744382303,553.3075323081289,569.5330931758266,569.5800940178596
2013-12-20 18:30:00+01:00,599.2399633349097,590.2477329188414,582.2589077461582,586.0682292699923
2013-12-20 18:40:00+01:00,575.9690412175037,583.9101197429703,596.2485276377387,597.1005475716887
2013-12-20 18:50:00+01:00,605.7544140298895,600.6570796434106,595.2587119512032,606.0250132955133
2013-12-20 19:00:00+01:00,544.2187738786087,612.769046408756,605.0512798715987,616.6956110258598
2013-12-20 19:10:00+01:00,547.8130023775736,587.5538810628403,586.8308810352942,598.8919712768402
2013-12-20 19:20:00+01:00,623.6046940877847,573.0056670726369,576.8801892063952,598.9425097283164
2013-12-20 19:30:00+01:00,602.6017268380315,613.2679282256437,599.4616727990335,624.8742566294746
2013-12-20 19:40:00+01:00,585.9601244757663,605.3451746647128,607.0733183071069,630.1169897232054
2013-12-20 19:50:00+01:00,601.7762282632515,603.1796985201574,605.6852877555805,629.9252356197333
2013-12-20 20:00:00+01:00,616.2130880934849,610.3290971782196,610.4206929876049,628.532269788578
2013-12-20 20:10:00+01:00,656.1556450620628,633.3405658177936,618.6012870845814,643.8979523932115
2013-12-20 20:20:00+01:00,585.6776501460813,649.3890358799027,638.5923871271461,658.6206964251766
2013-12-20 20:30:00+01:00,668.0420149635921,619.3061849897717,624.092837351846,637.5563868222987
2013-12-20 20:40:00+01:00,645.9066293557355,645.6023427444259,645.8100230338051,657.3128272377116
2013-12-20 20:50:00+01:00,612.0092869715287,661.3606574905273,651.635031559884,656.0101784622626
2013-12-20 21:00:00+01:00,611.9736403267194,639.9900490239647,641.9371277129604,648.2731114562184
2013-12-20 21:10:00+01:00,666.2444568196348,644.5850733518675,635.2197040441927,639.7049042785324
2013-12-20 21:20:00+01:00,603.0574683440841,655.9324594508079,651.9727902359516,650.8609872696395
2013-12-20 21:30:00+01:00,636.557268918639,651.1185878715013,638.5438379070276,624.903189773556
2013-12-20 21:40:00+01:00,671.0881599869296,647.4120549050826,643.4054179730891,629.903054634513
2013-12-20 21:50:00+01:00,666.5892158285712,664.1454870468855,660.3734399424828,639.1814589500495
2013-12-20 22:00:00+01:00,709.8803733997063,682.789517577753,670.3086788155364,647.3683260409487
2013-12-20 22:10:00+01:00,715.4753078792946,682.5993717419327,693.4558037198216,667.1625486211362
2013-12-20 22:20:00+01:00,739.1866192664711,704.3449734896997,710.7225365889014,679.9424183744533
2013-12-20 22:30:00+01:00,670.7891336327243,716.363733114753,730.6478325125086,694.1479104524641
2013-12-20 22:40:00+01:00,755.854261391623,679.062969802441,715.7856515563228,669.4288975689756
2013-12-20 22:50:00+01:00,779.4364135821946,705.8733729205435,738.62348561565,701.7427666116321
2013-12-20 23:00:00+01:00,685.163626495894,744.0657629244921,762.9450016901926,715.4983526451321
2013-12-20 23:10:00+01:00,699.3525184249069,692.5323789843629,741.5147058656008,688.0657585474245
2013-12-20 23:20:00+01:00,679.3059040882531,701.8719865560383,732.0874275044515,689.6706814661206
2013-12-20 23:30:00+01:00,685.3203546283224,664.4033193624689,716.3768631846596,667.6912586098333
2013-12-20 23:40:00+01:00,708.2720491656214,676.3599332218231,708.0020367904303,668.2495906997593
2013-12-20 23:50:00+01:00,670.5158619288427,654.4214837627419,711.9972944776703,667.8352719092194
2013-12-21 00:00:00+01:00,655.5159208064945,640.6812291988766,698.839402140367,647.8377866855419
2013-12-21 00:10:00+01:00,583.1737836723897,641.262167233885,682.6130212876869,635.3269832371444
2013-12-21 00:20:00+01:00,565.4198730806805,581.4157095087138,637.6035757004599,586.0765560275905
2013-12-21 00:30:00+01:00,531.1131634629344,550.6533035545568,598.53612501895,565.334369936991
2013-12-21 00:40:00+01:00,621.7985684456683,528.0353271315498,557.1758759628676,531.5909642288175
2013-12-21 00:50:00+01:00,533.7310232624687,540.5990064493176,569.7672361833205,550.1310877938676
2013-12-21 01:00:00+01:00,539.0512760090244,505.7269183260519,543.1419342101493,510.8521383247968
2013-12-21 01:10:00+01:00,560.4335780034103,504.18747639344645,528.3760269765945,515.2070231105971
2013-12-21 01:20:00+01:00,483.8452269093007,506.3087809792613,528.1986693926078,506.2270816674636
2013-12-21 01:30:00+01:00,450.96312534368855,466.88119078528626,495.8750520765495,481.7598940245496
2013-12-21 01:40:00+01:00,476.757265387416,448.57140300266497,461.36536507995373,459.85994672180357
2013-12-21 01:50:00+01:00,380.7913207411326,443.31748558032865,451.2980821786236,453.4341343475494
2013-12-21 02:00:00+01:00,398.96737135088034,391.596769178352,406.02195523852464,397.8143041552788
2013-12-21 02:10:00+01:00,396.5205286606296,388.5016417882923,387.408604601514,387.3418976963186
2013-12-21 02:20:00+01:00,355.01078471029257,374.9587741729865,375.9687986764604,368.8820175941427
2013-12-21 02:30:00+01:00,395.7000621958629,350.34491543599756,353.9362979294045,352.81823040053445
2013-12-21 02:40:00+01:00,314.64345078553794,367.975239960547,355.26711390454466,359.7166855892534
2013-12-21 02:50:00+01:00,334.30434132003467,324.09829638655793,326.9137385265565,318.32610889010624
2013-12-21 03:00:00+01:00,316.8868410557664,326.03000567268145,317.44083774095026,326.12412204146233
2013-12-21 03:10:00+01:00,330.4270824064263,308.77389853023806,306.04189577377366,312.18888396568
2013-12-21 03:20:00+01:00,310.0777285376926,303.1675628027514,303.9318149785767,311.0526905083678
2013-12-21 03:30:00+01:00,286.2752673193373,299.69217073374193,296.3849069320557,295.3938989908869
2013-12-21 03:40:00+01:00,274.7779811377481,288.58149235269946,284.4984454036768,290.7971827660148
2013-12-21 03:50:00+01:00,235.90214392265,272.1988331549234,274.08469037196676,284.1067409758266
2013-12-21 04:00:00+01:00,259.1074877388065,251.7351048122837,255.82841021267114,263.2515655982931
2013-12-21 04:10:00+01:00,255.0004105028317,255.99585817407694,252.07005453702135,257.1375916754317
2013-12-21 04:20:00+01:00,241.2363085104609,243.30627274544233,248.33034747664766,246.27938937214742
2013-12-21 04:30:00+01:00,237.4609833825021,240.31650394474397,242.0379771302523,245.8975785217885
2013-12-21 04:40:00+01:00,235.6094567895304,239.9225751839825,236.9777791076691,243.39464448998643
2013-12-21 04:50:00+01:00,215.051394009794,234.60325518968776,233.30247024764427,233.07303102510434
2013-12-21 05:00:00+01:00,211.82297968985992,224.4275945985349,225.59381018128275,230.77438857976833
2013-12-21 05:10:00+01:00,200.58991858610875,219.34409739988487,219.98226461218343,223.56424106484403
2013-12-21 05:20:00+01:00,205.18109855083665,206.79842537757418,213.8262607158596,213.6564687315735
2013-12-21 05:30:00+01:00,224.75906647268692,208.70837662733769,211.3317933059888,214.4597338813027
2013-12-21 05:40:00+01:00,198.0248014863051,216.7179339926042,215.02887903950284,218.59165713630944
2013-12-21 05:50:00+01:00,207.31095932334952,208.09204870909255,212.21752859926977,212.41335165571874
2013-12-21 06:00:00+01:00,197.57381903225857,215.23243718609226,212.99498582351006,217.3950159945375
2013-12-21 06:10:00+01:00,188.43676362579205,208.3735972954862,211.91218257115315,205.65005508879514
2013-12-21 06:20:00+01:00,206.9022531783852,205.26979892571356,209.33067572587908,209.08367274655023
2013-12-21 06:30:00+01:00,217.87475463127225,213.33886872918822,212.37982583159837,209.4006592323415
2013-12-21 06:40:00+01:00,222.21805987751938,217.2485601013968,218.10820079013817,213.32826178271625
2013-12-21 06:50:00+01:00,209.12804230487626,228.0391240071368,224.31179345914734,218.66814130790598
2013-12-21 07:00:00+01:00,209.6336457207618,231.83227727168966,226.12705003341253,225.33493671328617
2013-12-21 07:10:00+01:00,196.48785398935436,226.77258738902313,227.91741287455528,225.8867835429981
2013-12-21 07:20:00+01:00,206.68732859479775,222.09575132841226,225.8202644995149,229.948067730551
2013-12-21 07:30:00+01:00,240.17457752069365,227.20295612325222,227.26219859805016,233.9851632271181
2013-12-21 07:40:00+01:00,216.7766053400855,245.1357245118079,238.14382114881494,247.433742032937
2013-12-21 07:50:00+01:00,236.82331726419406,238.1208330453171,240.6449326677398,249.03547452315996
2013-12-21 08:00:00+01:00,240.64893567885437,252.15925917521858,248.9381540879887,266.69891709520414
2013-12-21 08:10:00+01:00,226.31318698163275,257.7213294479727,257.2389503044656,273.30538822888144
2013-12-21 08:20:00+01:00,227.65152455796837,253.49500214749463,259.42190026190946,275.55208989933425
2013-12-21 08:30:00+01:00,241.93129210063907,254.93367398648286,261.6591099975596,280.5159994544997
2013-12-21 08:40:00+01:00,290.6716133583443,256.1681498355474,268.34779075208996,278.3521207340853
2013-12-21 08:50:00+01:00,289.82451326385046,284.3867703902562,290.30694801321613,304.181564731663
2013-12-21 09:00:00+01:00,305.0377988008221,296.28354934029323,308.62656841045464,315.8400027186046
2013-12-21 09:10:00+01:00,334.53061776392803,316.6149897277346,328.9171385947853,331.8837868168445
2013-12-21 09:20:00+01:00,321.3128380433653,334.82072431258507,355.0952248539902,352.6955313750495
2013-12-21 09:30:00+01:00,327.65336696365523,344.54666740312416,369.18222183242545,364.9591617411569
2013-12-21 09:40:00+01:00,357.2324434220939,347.7493117572121,380.72407482713464,379.81068790137556
2013-12-21 09:50:00+01:00,349.7684549177435,360.0721509614754,398.4954209772209,394.73021286481656
2013-12-21 10:00:00+01:00,432.6394657800296,373.745026201327,406.07406310430974,407.80948239833447
2013-12-21 10:10:00+01:00,400.4000061159725,413.3499882795089,439.7203050128584,448.8180732169477
2013-12-21 10:20:00+01:00,379.10121411086106,418.3223024041801,448.80914612429723,439.21388332837836
2013-12-21 10:30:00+01:00,360.82009209334007,426.46990884306786,444.2303204550776,444.71373210747726
2013-12-21 10:40:00+01:00,396.955380731686,405.65055503863545,431.2754436756959,428.93845073950786
2013-12-21 10:50:00+01:00,411.3478085280069,403.21642941611805,434.8955771200408,436.70453340695457
2013-12-21 11:00:00+01:00,425.8852083402161,426.0047656455425,441.8574465921791,440.6750331994207
2013-12-21 11:10:00+01:00,486.8889290098213,439.30607299741973,451.72035812557175,451.5607074741535
2013-12-21 11:20:00+01:00,403.4474246396096,466.7906847055656,479.6424386814202,472.3692567373979
2013-12-21 11:30:00+01:00,434.7079653585103,455.44172788726235,466.32818886687824,456.55079910998757
2013-12-21 11:40:00+01:00,496.8053873407905,463.8099121793628,468.5412843436599,465.8450386601298
2013-12-21 11:50:00+01:00,469.9587699291262,482.2003035504102,491.17825138944517,469.5391700841946
2013-12-21 12:00:00+01:00,493.6995621250813,481.8236837945949,496.02757557308126,473.3677093219787
2013-12-21 12:10:00+01:00,472.544000402716,511.2406105319038,506.97516297167704,487.5048194287474
2013-12-21 12:20:00+01:00,470.2606130966214,498.50135138729456,505.0689000420392,478.85092798259484
2013-12-21 12:30:00+01:00,462.4652269040503,497.1252979389153,501.9580576809091,484.26752438936455
2013-12-21 12:40:00+01:00,495.4794778644975,495.3713605045203,496.3120454616901,480.8524944161255
2013-12-21 12:50:00+01:00,481.007596781645,499.2443281136803,504.82163049562814,483.01112400025966
2013-12-21 13:00:00+01:00,494.5915114901874,491.3841461944268,505.1844819327927,485.47782633049525
2013-12-21 13:10:00+01:00,460.1914736006278,508.00816778962627,510.5761248282742,500.03411393789185
2013-12-21 13:20:00+01:00,492.8454605613384,481.9831772758605,500.6818730625749,492.76189419616173
2013-12-21 13:30:00+01:00,517.2655102206007,503.7930977409155,506.69381435460866,510.8566646018492
2013-12-21 13:40:00+01:00,510.8917775783185,517.7883213306304,519.7440737469462,519.1024404329761
2013-12-21 13:50:00+01:00,491.30808493264533,503.256165404867,525.9495060111683,524.2322924302197
2013-12-21 14:00:00+01:00,554.4702151224573,514.2677557626864,522.0200742131196,518.6217273506469
2013-12-21 14:10:00+01:00,513.0871299595535,528.8437209240996,542.302152965505,542.941009614027
2013-12-21 14:20:00+01:00,541.5459581681173,512.6717583321803,539.6306946029524,541.7505725703979
2013-12-21 14:30:00+01:00,538.386002939331,549.9374887736459,548.0574044562333,553.567025350068
2013-12-21 14:40:00+01:00,573.8494864311651,533.878704052372,551.6477093463906,555.9424996199983
2013-12-21 14:50:00+01:00,562.0523415073942,553.975206763885,566.498379251066,565.6882804946644
2013-12-21 15:00:00+01:00,518.0585778894722,564.0928198843286,571.2799811426308,565.5425115311956
2013-12-21 15:10:00+01:00,543.8411720575725,541.6181020921161,556.8341606382195,555.555943912895
2013-12-21 15:20:00+01:00,494.0326841611481,534.4460877944376,557.1400488196799,558.1455567056802
2013-12-21 15:30:00+01:00,521.6647467849598,512.1820834765093,537.7832212649123,543.146558004568
2013-12-21 15:40:00+01:00,530.516336503923,531.4984703716962,537.0067692187929,549.2352670893965
2013-12-21 15:50:00+01:00,481.21141660192825,518.2012018362336,540.8444121976698,544.4890846573986
2013-12-21 16:00:00+01:00,566.4385018636012,500.3976805777788,524.4146712840859,537.2359289260532
2013-12-21 16:10:00+01:00,518.3869712392938,537.8085558117103,547.517995348357,549.2826817774644
2013-12-21 16:20:00+01:00,566.5867816415413,512.9311632618877,544.7262242254567,540.7159010118419
2013-12-21 16:30:00+01:00,538.071999399061,558.1167422291774,561.5449398836892,553.8656085379786
2013-12-21 16:40:00+01:00,552.9095982330782,528.7130128063028,560.9410364597405,545.6065531201962
2013-12-21 16:50:00+01:00,486.68672621459046,565.1134779989618,565.7403944706358,549.6320844631214
2013-12-21 17:00:00+01:00,472.9230783150081,534.1825827661928,541.2138670794036,534.9020451934355
2013-12-21 17:10:00+01:00,482.56111577390874,506.7786464868796,520.0463266036746,528.558569155818
2013-12-21 17:20:00+01:00,454.69644073024466,495.1952577739264,511.4814668518426,524.6301816109669
2013-12-21 17:30:00+01:00,450.74059777417,483.19162167743065,495.7656121030504,522.6693122580638
2013-12-21 17:40:00+01:00,446.43917431610953,472.7059839026867,485.5743506474678,516.7680630186392
2013-12-21 17:50:00+01:00,467.4339403083761,456.5351799278558,478.5900601308062,514.7441424426958
2013-12-21 18:00:00+01:00,480.01878584200256,471.15620970991216,484.1108209889465,519.4498528736365
2013-12-21 18:10:00+01:00,474.60206720139473,487.1031220970034,493.91329731489446,523.5803563932108
2013-12-21 18:20:00+01:00,485.17111900029806,474.13342315978537,498.5277387053317,522.3728908307942
2013-12-21 18:30:00+01:00,493.8830203149881,492.816734226085,505.7596050489409,526.4373732845997
2013-12-21 18:40:00+01:00,531.396837580857,503.44945038898055,513.5948116628646,533.1334308021502
2013-12-21 18:50:00+01:00,511.0781306982926,516.5433028528013,532.9711237901246,546.5204681303295
2013-12-21 19:00:00+01:00,511.2908128646374,526.174282694147,536.5036817772561,545.4026233416259
2013-12-21 19:10:00+01:00,495.1813239994843,537.3906487989966,537.8559646998568,546.0853868456126
2013-12-21 19:20:00+01:00,516.0240699151863,518.9820822451164,531.3372343135163,541.607007461857
2013-12-21 19:30:00+01:00,518.5408056012434,535.5983474232261,535.2825456963543,551.7007718989424
2013-12-21 19:40:00+01:00,531.5969952192927,538.6135412132456,538.6740983869798,553.5280702116584
2013-12-21 19:50:00+01:00,532.288165958488,548.6727589976372,545.9103136362007,558.9742898561931
2013-12-21 20:00:00+01:00,554.8619823718476,541.8785151448893,550.5265992621669,560.8151770244812
2013-12-21 20:10:00+01:00,625.3883728416296,552.2816966876284,561.7318743093381,566.9651845519763
2013-12-21 20:20:00+01:00,662.8248480399078,611.1870663854811,593.9904647216483,593.5606349834422
2013-12-21 20:30:00+01:00,598.9941880143779,632.1115861977366,626.737908876065,616.1231142122311
2013-12-21 20:40:00+01:00,694.7001712814679,626.8802215698512,622.8342084425223,614.4055518076434
2013-12-21 20:50:00+01:00,728.11834986408,670.3980808107804,652.8490541890994,649.3310277587894
2013-12-21 21:00:00+01:00,695.8248804903199,702.1071934905955,681.9523218949761,672.765645966293
2013-12-21 21:10:00+01:00,682.7148589522226,708.5524178038005,688.9713110232975,686.8771874548299
2013-12-21 21:20:00+01:00,748.7257738695484,710.8839369638143,688.1274529019508,684.4674857200625
2013-12-21 21:30:00+01:00,734.8800596208044,759.9511388548268,710.1951126151995,705.6898941957129
2013-12-21 21:40:00+01:00,731.08592058029,748.8196358243003,720.2917552563875,714.2411560620986
2013-12-21 21:50:00+01:00,719.7430929932522,749.5062905001365,726.1979430014163,722.0218359981358
2013-12-21 22:00:00+01:00,702.1667327473483,726.5310606631966,726.1916588605837,717.4143200784027
2013-12-21 22:10:00+01:00,807.4338634128835,730.7434242381472,719.6849000550052,708.4092136826624
2013-12-21 22:20:00+01:00,782.1518458812792,765.2307650865422,753.3150076079842,742.9892398419646
2013-12-21 22:30:00+01:00,764.5815409034857,771.0019280383001,768.6984114590383,743.6369812864302
2013-12-21 22:40:00+01:00,783.2017361476319,766.4943483308845,773.0580895609481,742.6578866777179
2013-12-21 22:50:00+01:00,751.5108455773405,753.8220624423228,782.1970367978794,748.5741735143083
2013-12-21 23:00:00+01:00,771.3253493379464,755.3735083757898,775.5941066186448,737.7101385099538
2013-12-21 23:10:00+01:00,754.5163280715218,759.0960851549286,777.8184496951496,747.7785834377929
2013-12-21 23:20:00+01:00,754.7123747659456,745.8201773919396,772.2149934040054,738.0141382151356
2013-12-21 23:30:00+01:00,706.0974399550777,739.1519096652199,767.8082944804222,743.7483008587179
2013-12-21 23:40:00+01:00,718.1307857684861,721.3081997856499,743.9744687264382,715.0182140969389
2013-12-21 23:50:00+01:00,770.8405074038411,706.4192157414084,731.4409657668183,714.5269331163998
2013-12-22 00:00:00+01:00,812.9027633376401,712.9666784462516,743.7288936818097,723.7223595276422
2013-12-22 00:10:00+01:00,728.8524352851281,737.9620978232299,769.5460069659507,749.8100064491132
2013-12-22 00:20:00+01:00,728.2083703738416,717.4032532595756,753.9773919631735,722.0105235697392
2013-12-22 00:30:00+01:00,754.7970010961718,714.3508456246657,741.1530571271408,707.7054376616504
2013-12-22 00:40:00+01:00,708.3454840400159,703.2516355592691,741.8681972898454,711.555739390008
2013-12-22 00:50:00+01:00,783.1176582525222,679.1528075166628,722.2978325778678,685.0120245645727
2013-12-22 01:00:00+01:00,631.4400643357563,711.3943396521832,739.1513534818426,707.5216355177733
2013-12-22 01:10:00+01:00,627.8933686368538,631.553244159564,685.2802108391971,639.228905376174
2013-12-22 01:20:00+01:00,613.9892238204144,613.7048948265531,646.7466791254985,623.895735755224
2013-12-22 01:30:00+01:00,561.1436396122344,594.2571413977174,614.8149256629669,595.6039027604714
2013-12-22 01:40:00+01:00,526.5412385229699,555.0934527495215,571.6226427428992,563.9928420520432
2013-12-22 01:50:00+01:00,466.210840351936,524.7514581312057,530.2146945278611,529.1305743427711
2013-12-22 02:00:00+01:00,441.10788078285793,465.5196331979824,480.0903577143313,489.8961724214694
2013-12-22 02:10:00+01:00,428.1591188029863,442.8001652926669,441.41905560215406,458.01795469760617
2013-12-22 02:20:00+01:00,384.7564302996183,410.0881965681927,415.3958959377649,436.39307748782625
2013-12-22 02:30:00+01:00,331.9711516760003,377.8575424393484,385.0598201687005,400.1594917625973
2013-12-22 02:40:00+01:00,361.68466978307043,342.21141859092205,348.3938214265779,354.3909667633105
2013-12-22 02:50:00+01:00,335.9767232580678,341.08471848322245,338.8477014043428,344.5042342475172
2013-12-22 03:00:00+01:00,308.4656185733745,319.7203577092976,324.7962933128207,315.00002163437324
2013-12-22 03:10:00+01:00,340.1883570776613,300.2183764233641,307.2504331712776,306.3597852364428
2013-12-22 03:20:00+01:00,271.5846119459411,307.87526771242847,307.3658908995688,309.31491442919923
2013-12-22 03:30:00+01:00,224.85352406591784,271.83223372215195,284.9915229711025,282.00406479111314
2013-12-22 03:40:00+01:00,228.119997587832,245.15239767436856,257.265065535545,265.5987209203936
2013-12-22 03:50:00+01:00,222.2614893835268,230.43239301060106,243.53391647048124,249.42244707369542
2013-12-22 04:00:00+01:00,235.3692685043816,219.03284437213583,233.5666795675028,235.21795204253445
2013-12-22 04:10:00+01:00,221.2884284461481,220.74712283497414,230.65889571212722,232.04602732781444
2013-12-22 04:20:00+01:00,215.1214701259942,215.09863588298376,224.3936694566039,220.56671129717924
2013-12-22 04:30:00+01:00,218.92555099754853,206.01036659208265,218.4314544721093,215.77470780142127
2013-12-22 04:40:00+01:00,183.11799462044928,207.01469284397245,215.4025929847732,217.4070902739274
2013-12-22 04:50:00+01:00,175.36095158271837,195.12089265503172,204.63311173808748,201.70188460910381
2013-12-22 05:00:00+01:00,181.11101664047533,184.3672236027553,196.2659082802432,193.5956795121227
2013-12-22 05:10:00+01:00,171.16031195850883,185.0174882094428,192.57556066139648,186.46685325691598
2013-12-22 05:20:00+01:00,151.55575699835865,173.86682152402824,188.66898414270403,181.92710833029435
2013-12-22 05:30:00+01:00,165.88622208396515,160.72775660398293,182.61950385302947,173.02786240835397
2013-12-22 05:40:00+01:00,144.04295894851944,168.49520891238686,181.74092562021676,171.23067925930923
2013-12-22 05:50:00+01:00,158.1361165388753,155.46251602008726,177.71591291564297,162.63096139084436
2013-12-22 06:00:00+01:00,165.77456760323128,161.84571630245736,177.7078937529295,166.0164049615122
2013-12-22 06:10:00+01:00,147.90744507762852,163.64101814012147,179.67752598792148,165.98418948321677
2013-12-22 06:20:00+01:00,204.57728750775684,158.13431063377135,178.1615795626532,161.23865609283294
2013-12-22 06:30:00+01:00,184.18427326172124,183.58069586086137,187.42306124801922,179.16862442887458
2013-12-22 06:40:00+01:00,159.77870010442302,179.30516542197512,191.72391354502997,174.43792775335106
2013-12-22 06:50:00+01:00,167.1001931265491,179.21717682400876,189.77981307327886,175.57838700251176
2013-12-22 07:00:00+01:00,197.44469669162706,175.56373495615537,189.95676106676257,175.045706571295
2013-12-22 07:10:00+01:00,190.38380017633838,192.964998839425,196.7042794023647,179.2585437248842
2013-12-22 07:20:00+01:00,189.8017846682938,193.5450912058571,200.85159851731333,187.71056566999138
2013-12-22 07:30:00+01:00,198.611635618249,197.99518781466713,203.9413570477625,194.27443924704832
2013-12-22 07:40:00+01:00,183.29249403642828,203.08570801974784,208.51846097392973,195.28201764322344
2013-12-22 07:50:00+01:00,217.39138670304112,201.74915263913908,208.44229556028006,201.28541496062644
2013-12-22 08:00:00+01:00,205.58785596687244,228.2841187927711,216.7800535983637,219.75880690922696
2013-12-22 08:10:00+01:00,200.26627988357845,215.36986344693028,220.8168926058181,217.89747068135634
2013-12-22 08:20:00+01:00,220.84233832794772,219.64610284704133,222.5540458206022,233.30589097302303
2013-12-22 08:30:00+01:00,238.86526666034825,234.49327397804234,229.64489816439726,252.26642509287865
2013-12-22 08:40:00+01:00,236.31547143106587,246.02975100063293,240.7730344502351,258.0405193662662
2013-12-22 08:50:00+01:00,214.67894576177488,253.03766924956548,249.53984435193422,273.33058086179926
2013-12-22 09:00:00+01:00,227.0123378424741,246.40122235704203,249.89277049994425,266.2165082607461
2013-12-22 09:10:00+01:00,249.03667048627892,248.63422658550124,254.2274615511423,263.32578467619953
2013-12-22 09:20:00+01:00,241.08608000359231,259.65832052470336,265.02870745882194,273.59283345548346
2013-12-22 09:30:00+01:00,264.4559445487144,268.43758461752526,271.37254533180806,278.74689494668746
2013-12-22 09:40:00+01:00,243.80059322228792,273.218637853067,284.64961100072776,292.8506767704418
2013-12-22 09:50:00+01:00,251.0573164557483,278.0384548507224,287.9134718036417,287.0198974226781
2013-12-22 10:00:00+01:00,265.1206756736188,276.86067687714683,292.99791683956954,299.61787343171267
2013-12-22 10:10:00+01:00,242.55681082663796,282.2055730203382,301.8336020307407,302.2861234328339
2013-12-22 10:20:00+01:00,278.07292969540936,275.5735549223994,299.7235315122685,295.46960292040006
2013-12-22 10:30:00+01:00,290.3407434749741,294.08853438227345,311.1301992398428,315.3925776421118
2013-12-22 10:40:00+01:00,271.03954254405124,304.20397409950317,324.1658331172533,318.51845730534006
2013-12-22 10:50:00+01:00,295.2386220869547,303.808350133834,326.3576074721197,329.7608952874666
2013-12-22 11:00:00+01:00,317.06074220018996,315.48781151885703,336.81088716076454,341.3777706081632
2013-12-22 11:10:00+01:00,306.29999085267815,324.3996848482101,352.2197018401798,348.35284722840555
2013-12-22 11:20:00+01:00,298.1889959156617,335.8688917802363,358.7880834060786,357.7227997039145
2013-12-22 11:30:00+01:00,340.909132174136,329.2887770168488,359.32567267307996,363.7950834372785
2013-12-22 11:40:00+01:00,341.30849800474243,341.28166315413284,375.26979757043665,380.2955543940558
2013-12-22 11:50:00+01:00,308.9353813291297,358.0255861183006,385.90092458090055,393.2488739752727
2013-12-22 12:00:00+01:00,345.65427004931445,350.9176751416003,379.2587923618955,394.28326411410865
2013-12-22 12:10:00+01:00,325.4699647142817,358.6532757639476,388.15937732983184,402.0171982710593
2013-12-22 12:20:00+01:00,364.09170180297554,351.5820914631326,385.14213524927385,389.25716660098186
2013-12-22 12:30:00+01:00,423.72447944569336,382.1389602661183,397.52577780020295,417.522032348078
2013-12-22 12:40:00+01:00,378.7757741034111,408.59894142146476,427.6219084939239,426.94998943075075
2013-12-22 12:50:00+01:00,376.7744471353131,399.9076345481679,430.9492157903265,431.0098944784681
2013-12-22 13:00:00+01:00,393.348669891409,411.23614023056416,430.9613879427027,444.5548483771867
2013-12-22 13:10:00+01:00,392.21713375783634,411.08170314186594,435.62686396443814,438.7706265379633
2013-12-22 13:20:00+01:00,396.0073493794475,418.2182824188166,436.937335041392,443.292039865479
2013-12-22 13:30:00+01:00,418.10074263108214,422.9654770934065,438.3711183898284,447.85445218438565
2013-12-22 13:40:00+01:00,430.2499275811834,422.0729411794196,447.0878281714648,453.48084055553784
2013-12-22 13:50:00+01:00,448.66132397667275,439.1870837123862,456.9443032728532,461.3800323379648
2013-12-22 14:00:00+01:00,436.88543588827434,461.75044790544155,469.7331195137067,475.46993133606617
2013-12-22 14:10:00+01:00,456.639006586475,448.9723425245058,472.80732055096894,484.9610861480137
2013-12-22 14:20:00+01:00,490.6421280584574,454.7463968123697,481.1360133344422,492.637222302723
2013-12-22 14:30:00+01:00,496.7180742359872,494.2135084819817,497.8657475699132,512.6621662446588
2013-12-22 14:40:00+01:00,470.67657429804876,490.3471098640129,509.94271963153415,531.7280190499694
2013-12-22 14:50:00+01:00,502.33230059642733,490.7925519196931,506.85240856219446,530.4737212916741
2013-12-22 15:00:00+01:00,503.95194957006856,513.4471337566004,515.2960610591326,550.158433122209
2013-12-22 15:10:00+01:00,471.8835807273571,507.2022747990584,520.3520236950503,548.8101499751783
2013-12-22 15:20:00+01:00,462.49495156458903,505.95055715063444,510.95056296961945,538.8945700579297
2013-12-22 15:30:00+01:00,448.4366418419124,490.83307927045615,500.89903730498065,530.8080733999814
2013-12-22 15:40:00+01:00,413.3935577945634,469.9686963859076,488.9400481310233,519.6320521681955
2013-12-22 15:50:00+01:00,395.7087544021113,451.99641292007504,467.6775029129576,504.0796891744527
2013-12-22 16:00:00+01:00,447.95505250279655,436.0893622547012,447.6895719941918,494.01101045826005
2013-12-22 16:10:00+01:00,490.19498233078656,434.98128709006687,456.73868856280495,498.9919288491458
2013-12-22 16:20:00+01:00,403.63058914120234,453.43998227025565,480.543966870059,510.8531342396818
2013-12-22 16:30:00+01:00,434.97826957996654,441.2750138208875,462.9428318090768,497.6636564611171
2013-12-22 16:40:00+01:00,433.3194082074199,440.09224370390217,464.5175784902145,501.0869367523871
2013-12-22 16:50:00+01:00,404.9565484539342,441.3132886138193,464.75901062509826,495.01807436897803
2013-12-22 17:00:00+01:00,365.88504168001197,432.3259056570186,453.4906287946435,492.7642462986138
2013-12-22 17:10:00+01:00,388.7026522336016,399.4670364600496,429.8454126633933,472.5073435762316
2013-12-22 17:20:00+01:00,330.00327877202284,407.9425317132451,425.0207766055741,472.56759448138627
2013-12-22 17:30:00+01:00,433.34979836136364,369.358863220248,397.49413146588574,454.97148471672165
2013-12-22 17:40:00+01:00,366.41322202288194,405.94728985066354,422.65801581991985,479.64657287957243
2013-12-22 17:50:00+01:00,386.3582310326355,385.3320739835282,414.42254590194796,456.62983027602485
2013-12-22 18:00:00+01:00,430.78790233108447,401.8957539628519,418.2919303343319,473.8339605737355
2013-12-22 18:10:00+01:00,386.834797997192,418.2824050531254,439.0083294322199,483.3082150562055
2013-12-22 18:20:00+01:00,377.1426045641681,408.4585357791367,435.1992061985959,481.47027214229
2013-12-22 18:30:00+01:00,409.9701989809882,409.65700764147215,428.48617585337206,490.8573174231486
2013-12-22 18:40:00+01:00,416.04994386933174,415.92092423789535,437.35954408804463,496.21535260569084
2013-12-22 18:50:00+01:00,366.8490430108815,425.8552775442775,445.5973552338611,499.3704790036217
2013-12-22 19:00:00+01:00,367.7438363099122,418.603463792709,430.380069890653,495.35939980348394
2013-12-22 19:10:00+01:00,437.83571939309434,406.9935134052022,421.06097741409684,491.69512338425073
2013-12-22 19:20:00+01:00,401.33369425008664,430.18784044966,442.8828967594684,500.2391027834742
2013-12-22 19:30:00+01:00,386.5826964361552,434.10253067533284,443.4075648653812,499.51103582405074
2013-12-22 19:40:00+01:00,421.5889579258504,429.41311384917566,437.74614555546793,500.9911409760599
2013-12-22 19:50:00+01:00,440.98642100005037,431.39824154467647,447.8585659307156,503.98652754881834
2013-12-22 20:00:00+01:00,475.643646801814,466.1083382476976,461.7500070316665,513.4773697684576
2013-12-22 20:10:00+01:00,512.359374024252,490.7018905828932,483.5727872021461,534.9619754881733
2013-12-22 20:20:00+01:00,421.9452519153714,507.3348645514201,510.1998151989592,537.4922626154106
2013-12-22 20:30:00+01:00,491.2141324282302,476.39671924256555,490.388045586394,529.9444052685241
2013-12-22 20:40:00+01:00,446.70534163266393,516.3804934195805,503.59534424363073,545.8576602399866
2013-12-22 20:50:00+01:00,440.40123101379356,484.225978637189,493.53502020466897,526.1786301115519
2013-12-22 21:00:00+01:00,440.1739617774491,496.48470774259664,484.3724773570818,533.5684442322205
2013-12-22 21:10:00+01:00,453.74318000766027,477.8970538476963,478.3672327002321,523.5197984111817
2013-12-22 21:20:00+01:00,423.34366420497435,483.63522974695024,480.1575328160331,526.204450963882
2013-12-22 21:30:00+01:00,448.8553396544708,479.6382593721621,469.7517601975292,515.7354486927704
2013-12-22 21:40:00+01:00,453.43980210280967,472.9433315412435,473.63776742964546,521.1618284327675
2013-12-22 21:50:00+01:00,523.771235098485,475.8069095125398,478.31455368365465,519.234710812846
2013-12-22 22:00:00+01:00,529.1693338418585,534.6211135507475,507.7661029754501,543.190815528
2013-12-22 22:10:00+01:00,480.949644182246,526.791580178121,528.8206505864938,550.4046798314257
2013-12-22 22:20:00+01:00,512.8105504936196,526.159365661383,522.7425310904042,540.6514606066906
2013-12-22 22:30:00+01:00,538.3321807546216,535.1442625497476,529.4647185443581,545.914841698068
2013-12-22 22:40:00+01:00,548.037942504148,544.1476801663855,541.77971258578,552.8440984436444
2013-12-22 22:50:00+01:00,482.88812621509896,565.4732859297487,552.3523582735766,559.0253505398218
2013-12-22 23:00:00+01:00,442.5539494210242,540.101292849273,533.3348750948905,528.674151462452
2013-12-22 23:10:00+01:00,465.7946689095954,507.8361370582068,504.54800398529443,497.6097735280402
2013-12-22 23:20:00+01:00,479.46881112368607,503.86558268169057,496.1842422028252,490.016159224169
2013-12-22 23:30:00+01:00,481.34854178001007,509.0805313695007,497.3766211647153,493.6001170053295
2013-12-22 23:40:00+01:00,421.5760757330194,497.33571343825383,500.4144623895675,488.7078645736207
2013-12-22 23:50:00+01:00,407.660027376146,452.9236856230525,478.79676652184133,453.5654898755205
